JD (2400000+),KIC 8462852,Ref1,Ref2,Ref3,Ref4,Ref5,Ref6,Ref7,Ref8,KIC error,Ref1 Error,Ref2 Error,Ref3 Error,Ref4 Error,Ref5 Error,Ref6 Error,Ref7 Error,Ref8 Error,Date
23025.5,12.35,12.28,12.09,12.14,12.25,12.45,12.28,12.21,12.36,0.12,-0.15,0.01,0.01,0.23,0.16,0.07,-0.09,-0.01,1-Dec-21
23347.5,12.31,12.17,12.10,12.08,12.43,12.61,12.36,12.18,12.14,0.09,-0.04,0.01,0.08,0.05,-0.01,-0.01,-0.05,0.21,19-Oct-22
26162,12.27,12.23,12.03,12.17,12.38,12.57,12.34,12.08,12.27,0.06,-0.09,0.08,-0.01,0.10,0.04,0.01,0.04,0.08,3-Jul-30
26163,12.25,12.23,12.08,12.16,12.58,12.41,12.32,12.11,12.17,0.11,-0.10,0.03,0.00,-0.10,0.19,0.03,0.01,0.18,4-Jul-30
26166,12.39,12.12,12.12,12.17,12.39,12.35,12.35,12.17,12.39,0.10,0.01,-0.01,-0.02,0.08,0.26,0.01,-0.05,-0.04,7-Jul-30
26173,12.49,12.14,12.09,12.09,12.44,12.55,12.30,12.14,12.32,0.03,0.00,0.02,0.07,0.04,0.06,0.05,-0.01,0.03,14-Jul-30
26174,12.32,12.16,12.09,12.20,12.49,12.57,12.32,12.04,12.20,0.06,-0.02,0.02,-0.04,-0.01,0.04,0.03,0.08,0.15,15-Jul-30
26175,12.23,12.27,12.13,12.10,12.38,12.55,12.20,12.12,12.32,0.09,-0.13,-0.03,0.05,0.10,0.06,0.15,0.01,0.03,16-Jul-30
26178,12.43,12.26,11.97,12.17,12.37,12.47,12.32,12.19,12.31,0.10,-0.13,0.13,-0.01,0.11,0.14,0.03,-0.06,0.04,19-Jul-30
26181,12.32,12.22,12.05,12.20,12.34,12.57,12.34,12.07,12.30,0.07,-0.08,0.06,-0.04,0.14,0.04,0.02,0.06,0.05,22-Jul-30
26183,12.42,12.07,12.03,12.26,12.42,12.55,12.34,12.14,12.24,0.07,0.06,0.08,-0.10,0.05,0.05,0.01,-0.02,0.11,24-Jul-30
26188,12.39,12.11,12.02,12.16,12.47,12.53,12.28,12.22,12.28,0.06,0.03,0.08,0.00,0.01,0.08,0.07,-0.10,0.07,29-Jul-30
26189,12.40,12.13,12.04,12.15,12.52,12.52,12.34,12.13,12.23,0.05,0.00,0.07,0.01,-0.04,0.08,0.02,-0.01,0.12,30-Jul-30
26190,12.33,12.08,12.08,12.17,12.48,12.55,12.41,12.12,12.17,0.07,0.05,0.02,-0.01,-0.01,0.06,-0.06,0.01,0.18,31-Jul-30
26205,12.37,12.14,12.05,12.14,12.29,12.55,12.39,12.25,12.27,0.09,0.00,0.06,0.02,0.19,0.06,-0.04,-0.12,0.08,15-Aug-30
26207,12.38,12.12,12.07,12.11,12.38,12.59,12.38,12.16,12.26,0.05,0.01,0.04,0.05,0.10,0.01,-0.03,-0.03,0.09,17-Aug-30
26208,12.35,12.19,12.12,12.17,12.42,12.58,12.38,12.02,12.19,0.07,-0.05,-0.02,-0.01,0.06,0.02,-0.03,0.11,0.16,18-Aug-30
26209,12.47,12.18,12.12,12.11,12.56,12.54,12.29,12.16,12.12,0.10,-0.05,-0.01,0.05,-0.08,0.07,0.07,-0.04,0.23,19-Aug-30
26215,12.34,12.21,12.14,12.02,12.32,12.56,12.36,12.18,12.27,0.09,-0.08,-0.03,0.14,0.16,0.04,-0.01,-0.05,0.08,25-Aug-30
26218,12.18,12.16,12.16,12.08,12.42,12.57,12.42,12.08,12.18,0.08,-0.02,-0.05,0.08,0.06,0.04,-0.07,0.04,0.17,28-Aug-30
26222,12.36,12.02,12.13,12.14,12.42,12.53,12.42,12.22,12.19,0.09,0.12,-0.02,0.02,0.06,0.07,-0.07,-0.10,0.16,1-Sep-30
26224,12.39,12.29,12.17,12.10,12.44,12.46,12.41,12.17,12.02,0.15,-0.16,-0.06,0.06,0.03,0.14,-0.05,-0.04,0.33,3-Sep-30
26229,12.37,12.23,12.21,12.14,12.43,12.50,12.37,11.98,12.21,0.10,-0.10,-0.10,0.02,0.05,0.11,-0.02,0.15,0.14,8-Sep-30
26230,12.31,12.23,11.96,12.21,12.47,12.49,12.31,12.19,12.19,0.10,-0.10,0.15,-0.05,0.01,0.11,0.04,-0.07,0.16,9-Sep-30
26234,12.29,12.16,12.10,12.08,12.39,12.61,12.31,12.14,12.27,0.05,-0.03,0.01,0.08,0.09,-0.01,0.04,-0.02,0.08,13-Sep-30
26239,12.36,12.21,12.06,12.10,12.55,12.50,12.34,12.19,12.12,0.10,-0.07,0.05,0.06,-0.07,0.11,0.01,-0.06,0.23,18-Sep-30
26243,12.32,12.24,12.04,12.08,12.48,12.54,12.32,12.15,12.22,0.07,-0.11,0.07,0.08,0.00,0.07,0.03,-0.02,0.13,22-Sep-30
26247,12.34,12.17,12.05,12.15,12.49,12.56,12.25,12.13,12.25,0.05,-0.04,0.06,0.01,-0.02,0.04,0.10,0.00,0.10,26-Sep-30
26251,12.41,12.26,12.05,12.10,12.48,12.55,12.35,12.12,12.16,0.09,-0.13,0.06,0.05,0.00,0.06,0.01,0.00,0.19,30-Sep-30
26260,12.42,12.09,12.15,12.29,12.26,12.47,12.29,12.15,12.36,0.11,0.05,-0.04,-0.13,0.21,0.13,0.06,-0.03,-0.01,9-Oct-30
26281,12.33,12.08,12.10,12.18,12.39,12.49,12.24,12.22,12.37,0.07,0.06,0.01,-0.02,0.08,0.12,0.11,-0.09,-0.02,30-Oct-30
26262,12.34,12.29,12.09,12.18,12.39,12.57,12.37,12.09,12.09,0.12,-0.16,0.02,-0.02,0.08,0.03,-0.02,0.04,0.26,11-Oct-30
26263,12.35,12.23,11.99,12.23,12.48,12.48,12.35,12.10,12.20,0.09,-0.09,0.12,-0.07,-0.01,0.12,0.00,0.02,0.15,12-Oct-30
26276,12.53,12.25,12.13,12.04,12.44,12.60,12.28,12.16,12.16,0.10,-0.12,-0.02,0.11,0.04,0.01,0.07,-0.04,0.19,25-Oct-30
26282,12.40,12.11,12.17,12.14,12.40,12.64,12.28,12.11,12.21,0.07,0.02,-0.07,0.02,0.08,-0.04,0.07,0.02,0.14,31-Oct-30
26304,12.46,12.21,12.03,12.23,12.33,12.61,12.35,12.11,12.19,0.09,-0.07,0.07,-0.07,0.15,-0.01,0.00,0.01,0.16,22-Nov-30
26324,12.58,12.22,12.10,12.16,12.51,12.53,12.35,12.16,12.04,0.12,-0.09,0.01,0.00,-0.03,0.07,0.00,-0.03,0.31,12-Dec-30
26327,12.53,12.28,12.11,12.19,12.34,12.57,12.25,12.05,12.28,0.09,-0.14,0.00,-0.03,0.14,0.03,0.10,0.08,0.07,15-Dec-30
26327,12.44,12.25,11.98,12.17,12.44,12.42,12.29,12.19,12.31,0.10,-0.12,0.12,-0.01,0.04,0.19,0.06,-0.07,0.04,15-Dec-30
26331,12.53,12.27,12.03,12.10,12.40,12.49,12.38,12.11,12.29,0.08,-0.14,0.08,0.06,0.08,0.11,-0.03,0.01,0.06,19-Dec-30
26352,12.49,12.26,12.14,12.14,12.55,12.49,12.31,12.08,12.10,0.12,-0.13,-0.03,0.02,-0.07,0.11,0.05,0.05,0.25,9-Jan-31
26358,12.31,12.27,12.19,11.99,12.42,12.44,12.30,12.17,12.29,0.11,-0.13,-0.08,0.17,0.06,0.17,0.05,-0.05,0.06,15-Jan-31
26394.86,12.38,12.16,12.12,12.08,12.57,12.43,12.29,12.25,12.16,0.12,-0.03,-0.01,0.08,-0.09,0.18,0.06,-0.12,0.19,21-Feb-31
26398.5,12.33,12.18,12.12,12.17,12.36,12.62,12.31,12.05,12.25,0.06,-0.04,-0.02,-0.02,0.12,-0.02,0.04,0.08,0.10,25-Feb-31
26398,12.33,12.18,12.12,12.17,12.36,12.62,12.31,12.05,12.25,0.06,-0.04,-0.02,-0.02,0.12,-0.02,0.04,0.08,0.10,24-Feb-31
26399,12.35,12.14,12.08,12.19,12.50,12.57,12.35,12.08,12.16,0.07,0.00,0.03,-0.04,-0.02,0.04,0.00,0.05,0.19,25-Feb-31
26400,12.26,12.30,12.18,12.01,12.41,12.45,12.27,12.15,12.29,0.11,-0.17,-0.07,0.15,0.06,0.16,0.08,-0.03,0.06,26-Feb-31
26414,12.49,12.25,12.15,12.07,12.40,12.60,12.31,12.09,12.21,0.08,-0.12,-0.04,0.09,0.08,0.00,0.04,0.04,0.14,12-Mar-31
26415,12.37,12.23,12.04,12.18,12.44,12.61,12.31,12.10,12.16,0.08,-0.09,0.07,-0.02,0.04,0.00,0.04,0.02,0.19,13-Mar-31
26419,12.37,12.20,12.04,12.20,12.43,12.55,12.29,12.06,12.29,0.05,-0.07,0.06,-0.04,0.05,0.06,0.06,0.07,0.06,17-Mar-31
26422,12.44,12.13,12.19,12.13,12.57,12.49,12.26,12.09,12.21,0.08,0.00,-0.08,0.03,-0.09,0.12,0.09,0.04,0.14,20-Mar-31
26441,12.35,12.20,12.05,12.14,12.32,12.59,12.29,12.17,12.30,0.07,-0.07,0.06,0.02,0.16,0.01,0.06,-0.05,0.05,8-Apr-31
26444,12.42,12.23,12.05,12.27,12.50,12.50,12.27,12.05,12.19,0.10,-0.09,0.06,-0.11,-0.03,0.10,0.08,0.07,0.16,11-Apr-31
26446,12.47,12.20,12.12,12.12,12.53,12.53,12.25,12.07,12.23,0.07,-0.07,-0.02,0.03,-0.05,0.07,0.10,0.05,0.12,13-Apr-31
26447,12.44,12.26,12.02,12.17,12.41,12.51,12.35,12.06,12.28,0.07,-0.12,0.09,-0.01,0.06,0.10,0.00,0.06,0.07,14-Apr-31
26450,12.35,12.21,12.04,12.21,12.37,12.60,12.31,12.09,12.24,0.07,-0.07,0.07,-0.05,0.11,0.00,0.04,0.04,0.11,17-Apr-31
26451,12.36,12.27,12.11,12.16,12.38,12.56,12.38,12.02,12.18,0.09,-0.14,0.00,0.00,0.10,0.04,-0.03,0.10,0.17,18-Apr-31
26453,12.40,12.23,12.04,12.10,12.49,12.56,12.33,12.12,12.19,0.07,-0.09,0.06,0.05,-0.01,0.05,0.02,0.00,0.16,20-Apr-31
26469,12.40,12.14,12.09,12.27,12.54,12.50,12.26,12.07,12.20,0.09,-0.01,0.02,-0.11,-0.06,0.11,0.09,0.05,0.15,6-May-31
26479,12.50,12.16,12.10,12.06,12.46,12.58,12.32,12.25,12.13,0.10,-0.03,0.01,0.09,0.01,0.02,0.03,-0.12,0.22,16-May-31
26510,12.35,12.20,12.16,12.09,12.39,12.51,12.45,12.05,12.22,0.09,-0.06,-0.05,0.07,0.09,0.09,-0.10,0.08,0.13,16-Jun-31
26513,12.45,12.11,12.19,12.19,12.57,12.50,12.19,12.17,12.17,0.11,0.02,-0.08,-0.03,-0.09,0.11,0.17,-0.04,0.18,19-Jun-31
26517,12.41,12.19,12.03,12.21,12.39,12.56,12.21,12.18,12.30,0.08,-0.06,0.08,-0.05,0.09,0.04,0.14,-0.05,0.05,23-Jun-31
26523,12.37,12.18,12.07,12.16,12.26,12.56,12.35,12.16,12.33,0.08,-0.05,0.04,0.00,0.22,0.05,0.00,-0.04,0.02,29-Jun-31
26528,12.47,12.25,12.05,12.12,12.49,12.49,12.40,12.09,12.19,0.09,-0.11,0.06,0.04,-0.01,0.11,-0.05,0.04,0.16,4-Jul-31
26353,12.29,12.14,12.05,12.14,12.46,12.61,12.27,12.21,12.19,0.07,0.00,0.05,0.02,0.02,-0.01,0.08,-0.08,0.16,10-Jan-31
26545,12.43,12.27,12.16,12.09,12.43,12.50,12.21,12.08,12.31,0.09,-0.14,-0.05,0.06,0.04,0.10,0.14,0.05,0.04,21-Jul-31
26554,12.34,12.09,12.13,12.19,12.45,12.34,12.29,12.20,12.38,0.10,0.04,-0.02,-0.03,0.03,0.26,0.06,-0.08,-0.03,30-Jul-31
26750,12.41,12.20,12.11,12.09,12.44,12.56,12.40,12.06,12.20,0.07,-0.07,0.00,0.07,0.04,0.04,-0.05,0.06,0.15,11-Feb-32
26570,12.41,12.20,12.11,12.09,12.44,12.56,12.40,12.06,12.20,0.07,-0.07,0.00,0.07,0.04,0.04,-0.05,0.06,0.15,15-Aug-31
26575,12.32,12.22,12.05,12.22,12.51,12.53,12.23,12.09,12.22,0.08,-0.08,0.06,-0.06,-0.04,0.07,0.12,0.03,0.13,20-Aug-31
26576,12.35,12.17,12.07,12.12,12.53,12.55,12.27,12.14,12.22,0.06,-0.04,0.04,0.04,-0.05,0.06,0.08,-0.01,0.13,21-Aug-31
26584,12.36,12.27,12.06,12.10,12.39,12.61,12.28,12.17,12.17,0.09,-0.14,0.05,0.06,0.08,-0.01,0.07,-0.05,0.18,29-Aug-31
26590,12.52,12.17,12.04,12.16,12.35,12.60,12.35,12.12,12.28,0.05,-0.04,0.07,0.00,0.13,0.01,0.00,0.00,0.07,4-Sep-31
26591,12.31,12.13,12.06,12.10,12.45,12.60,12.31,12.20,12.21,0.06,0.00,0.05,0.06,0.03,0.01,0.04,-0.08,0.14,5-Sep-31
26592,12.30,12.20,12.09,12.15,12.44,12.61,12.32,12.07,12.17,0.07,-0.07,0.02,0.01,0.03,-0.01,0.03,0.05,0.18,6-Sep-31
26590,12.34,12.20,12.05,12.16,12.44,12.61,12.32,12.17,12.11,0.10,-0.07,0.06,0.00,0.03,-0.01,0.03,-0.05,0.24,4-Sep-31
26594,12.46,12.06,12.14,12.14,12.42,12.61,12.31,12.15,12.24,0.05,0.08,-0.03,0.02,0.06,-0.01,0.04,-0.03,0.11,8-Sep-31
26595,12.31,12.20,12.12,12.12,12.44,12.60,12.22,12.12,12.25,0.06,-0.07,-0.01,0.04,0.04,0.00,0.13,0.01,0.10,9-Sep-31
26596,12.43,12.18,12.06,12.21,12.35,12.62,12.26,12.12,12.26,0.07,-0.05,0.05,-0.05,0.13,-0.02,0.09,0.01,0.09,10-Sep-31
26597,12.34,12.18,12.07,12.23,12.45,12.62,12.25,12.10,12.15,0.09,-0.05,0.04,-0.08,0.03,-0.02,0.10,0.02,0.20,11-Sep-31
26559,12.38,12.13,12.17,12.18,12.36,12.62,12.27,12.06,12.27,0.06,0.00,-0.06,-0.03,0.11,-0.02,0.09,0.06,0.08,4-Aug-31
26603,12.40,12.17,12.17,12.04,12.38,12.61,12.30,12.17,12.23,0.08,-0.04,-0.06,0.12,0.10,-0.01,0.05,-0.04,0.12,17-Sep-31
26604,12.41,12.20,12.00,12.18,12.41,12.59,12.37,12.16,12.16,0.09,-0.06,0.11,-0.02,0.07,0.01,-0.02,-0.04,0.19,18-Sep-31
26625,12.37,12.17,12.03,12.15,12.36,12.58,12.43,12.15,12.20,0.08,-0.03,0.07,0.01,0.12,0.02,-0.08,-0.02,0.15,9-Oct-31
26627,12.29,12.20,12.03,12.08,12.43,12.54,12.29,12.19,12.29,0.06,-0.07,0.08,0.07,0.05,0.06,0.06,-0.06,0.06,11-Oct-31
26628,12.41,12.19,12.03,12.13,12.39,12.59,12.35,12.14,12.27,0.05,-0.06,0.08,0.03,0.09,0.02,0.01,-0.01,0.08,12-Oct-31
26633,12.40,12.14,12.01,12.21,12.32,12.57,12.32,12.21,12.29,0.08,0.00,0.10,-0.05,0.16,0.04,0.03,-0.09,0.06,17-Oct-31
26634,12.32,12.20,12.16,12.09,12.40,12.63,12.34,12.11,12.14,0.09,-0.07,-0.05,0.07,0.08,-0.03,0.01,0.02,0.21,18-Oct-31
26646,12.26,12.20,12.08,12.36,12.31,12.56,12.33,12.08,12.14,0.13,-0.07,0.03,-0.20,0.17,0.05,0.02,0.04,0.21,30-Oct-31
26647,12.37,12.16,12.10,12.08,12.43,12.55,12.37,12.10,12.28,0.04,-0.03,0.01,0.08,0.04,0.06,-0.02,0.03,0.07,31-Oct-31
26650,12.34,12.27,11.98,12.13,12.41,12.48,12.36,12.18,12.27,0.09,-0.13,0.13,0.03,0.07,0.12,-0.01,-0.05,0.08,3-Nov-31
26653,12.37,12.13,12.09,12.20,12.35,12.54,12.48,12.09,12.18,0.09,0.00,0.02,-0.04,0.12,0.07,-0.13,0.04,0.17,6-Nov-31
26653,12.39,12.16,12.08,12.06,12.39,12.58,12.39,12.25,12.16,0.10,-0.03,0.03,0.10,0.09,0.03,-0.04,-0.12,0.19,6-Nov-31
26654,12.39,12.19,11.98,12.19,12.48,12.48,12.34,12.14,12.25,0.07,-0.06,0.13,-0.04,-0.01,0.12,0.01,-0.01,0.10,7-Nov-31
26655,12.40,12.15,12.05,12.09,12.36,12.53,12.30,12.28,12.30,0.08,-0.01,0.06,0.07,0.12,0.07,0.05,-0.16,0.05,8-Nov-31
26683,12.39,12.22,12.01,12.18,12.37,12.51,12.37,12.09,12.31,0.07,-0.09,0.10,-0.02,0.11,0.09,-0.02,0.03,0.04,6-Dec-31
26684,12.40,12.28,11.99,12.16,12.38,12.57,12.33,12.18,12.16,0.10,-0.15,0.12,-0.01,0.09,0.03,0.02,-0.06,0.19,7-Dec-31
26686,12.59,12.25,11.97,12.14,12.37,12.52,12.37,12.22,12.22,0.10,-0.12,0.13,0.02,0.11,0.08,-0.02,-0.10,0.13,9-Dec-31
26691,12.47,12.22,12.03,12.09,12.31,12.49,12.42,12.24,12.26,0.11,-0.09,0.08,0.07,0.17,0.11,-0.07,-0.12,0.09,14-Dec-31
27334,12.28,12.23,12.07,12.13,12.47,12.53,12.16,12.25,12.23,0.11,-0.09,0.03,0.03,0.01,0.07,0.20,-0.13,0.12,17-Sep-33
27334,12.36,12.22,12.05,12.14,12.48,12.58,12.22,12.16,12.22,0.08,-0.09,0.06,0.02,0.00,0.02,0.13,-0.03,0.13,17-Sep-33
27335,12.49,12.24,12.05,12.08,12.49,12.55,12.33,12.15,12.18,0.08,-0.10,0.06,0.08,-0.01,0.06,0.03,-0.03,0.17,18-Sep-33
27357,12.48,12.07,12.09,12.16,12.34,12.59,12.38,12.16,12.28,0.06,0.06,0.02,-0.01,0.14,0.02,-0.03,-0.04,0.07,10-Oct-33
27360,12.57,12.17,12.10,12.04,12.40,12.57,12.31,12.18,12.28,0.06,-0.03,0.00,0.12,0.08,0.03,0.04,-0.06,0.07,13-Oct-33
27360,12.39,12.16,12.06,12.18,12.32,12.59,12.30,12.14,12.32,0.06,-0.03,0.05,-0.02,0.16,0.02,0.05,-0.02,0.03,13-Oct-33
27360,12.44,12.15,12.07,12.13,12.39,12.63,12.30,12.15,12.24,0.05,-0.02,0.04,0.03,0.08,-0.03,0.05,-0.03,0.11,13-Oct-33
27361,12.31,12.17,12.01,12.17,12.48,12.56,12.36,12.17,12.15,0.08,-0.04,0.10,-0.01,0.00,0.05,-0.01,-0.04,0.20,14-Oct-33
27362,12.46,12.19,12.05,12.10,12.43,12.53,12.44,12.21,12.11,0.11,-0.06,0.05,0.06,0.05,0.08,-0.09,-0.08,0.24,15-Oct-33
27376,12.32,12.13,12.11,12.17,12.57,12.39,12.22,12.22,12.24,0.11,0.00,-0.01,-0.01,-0.10,0.22,0.13,-0.10,0.11,29-Oct-33
27385,12.30,12.20,12.12,12.02,12.34,12.56,12.32,12.22,12.28,0.09,-0.07,-0.01,0.14,0.13,0.05,0.03,-0.09,0.07,7-Nov-33
27385,12.48,12.20,12.15,12.06,12.36,12.62,12.29,12.14,12.25,0.07,-0.06,-0.04,0.09,0.11,-0.02,0.07,-0.01,0.10,7-Nov-33
27389,12.59,12.04,12.15,12.15,12.42,12.57,12.38,12.11,12.24,0.05,0.09,-0.04,0.01,0.06,0.03,-0.03,0.01,0.11,11-Nov-33
27393,12.52,12.23,11.99,12.11,12.39,12.52,12.30,12.23,12.28,0.08,-0.10,0.11,0.05,0.09,0.09,0.05,-0.11,0.07,15-Nov-33
27396,12.41,12.28,12.04,12.10,12.43,12.57,12.31,12.14,12.20,0.08,-0.14,0.07,0.06,0.05,0.03,0.04,-0.01,0.15,18-Nov-33
27397,12.51,12.18,12.09,12.09,12.42,12.60,12.39,12.17,12.13,0.09,-0.05,0.02,0.07,0.06,0.00,-0.04,-0.04,0.22,19-Nov-33
27629,12.33,12.19,12.07,12.15,12.33,12.62,12.22,12.24,12.24,0.09,-0.05,0.03,0.01,0.15,-0.02,0.13,-0.11,0.11,9-Jul-34
27651,12.41,12.29,12.01,12.12,12.37,12.55,12.32,12.14,12.25,0.09,-0.15,0.09,0.03,0.11,0.05,0.03,-0.02,0.10,31-Jul-34
27653,12.50,12.22,12.04,12.06,12.39,12.56,12.35,12.18,12.26,0.07,-0.09,0.06,0.10,0.09,0.04,0.00,-0.06,0.09,2-Aug-34
27654,12.39,12.21,12.02,12.12,12.39,12.61,12.31,12.22,12.19,0.09,-0.07,0.09,0.04,0.09,0.00,0.04,-0.10,0.16,3-Aug-34
27655,12.43,12.27,12.01,12.19,12.35,12.59,12.32,12.14,12.20,0.09,-0.13,0.10,-0.03,0.13,0.01,0.03,-0.02,0.15,4-Aug-34
27656,12.40,12.18,12.08,12.11,12.50,12.57,12.34,12.11,12.19,0.06,-0.04,0.03,0.05,-0.02,0.04,0.01,0.02,0.16,5-Aug-34
27658,12.60,12.26,12.00,12.16,12.36,12.53,12.33,12.13,12.29,0.08,-0.13,0.11,0.00,0.12,0.07,0.02,0.00,0.06,7-Aug-34
27667,12.46,12.20,11.99,12.15,12.41,12.56,12.34,12.15,12.27,0.06,-0.06,0.11,0.01,0.07,0.05,0.01,-0.03,0.08,16-Aug-34
27668,12.33,12.17,12.07,12.16,12.46,12.63,12.30,12.14,12.14,0.08,-0.04,0.04,0.00,0.02,-0.02,0.06,-0.02,0.21,17-Aug-34
27681,12.48,12.23,12.04,12.08,12.37,12.54,12.31,12.17,12.31,0.07,-0.10,0.07,0.08,0.11,0.07,0.04,-0.05,0.04,30-Aug-34
27682,12.60,12.06,12.07,12.15,12.49,12.53,12.39,12.21,12.17,0.08,0.08,0.03,0.01,-0.01,0.07,-0.04,-0.08,0.18,31-Aug-34
27692,12.41,12.24,12.03,12.12,12.41,12.59,12.26,12.15,12.26,0.07,-0.11,0.07,0.03,0.07,0.02,0.09,-0.02,0.09,10-Sep-34
27693,12.43,12.26,12.02,12.10,12.43,12.46,12.28,12.18,12.32,0.09,-0.13,0.08,0.06,0.04,0.15,0.07,-0.06,0.03,11-Sep-34
27714.5,12.39,12.12,12.04,12.17,12.37,12.61,12.37,12.16,12.22,0.06,0.01,0.07,-0.02,0.10,0.00,-0.02,-0.04,0.13,3-Oct-34
27715,12.46,12.23,12.09,12.05,12.35,12.59,12.30,12.18,12.27,0.08,-0.10,0.02,0.10,0.13,0.02,0.05,-0.06,0.08,3-Oct-34
27719,12.44,12.20,12.04,12.18,12.41,12.63,12.32,12.12,12.18,0.08,-0.07,0.07,-0.02,0.07,-0.02,0.03,0.00,0.18,7-Oct-34
27720,12.45,12.21,12.10,12.08,12.34,12.63,12.34,12.18,12.18,0.09,-0.07,0.01,0.08,0.14,-0.03,0.01,-0.06,0.17,8-Oct-34
27745,12.40,12.24,12.00,12.13,12.38,12.57,12.30,12.19,12.24,0.08,-0.11,0.11,0.03,0.09,0.03,0.05,-0.06,0.11,2-Nov-34
27750,12.41,12.15,12.02,12.13,12.44,12.57,12.39,12.19,12.17,0.08,-0.02,0.08,0.03,0.04,0.03,-0.04,-0.07,0.18,7-Nov-34
27751,12.39,12.18,12.02,12.10,12.44,12.53,12.35,12.16,12.28,0.05,-0.05,0.09,0.06,0.04,0.07,0.00,-0.04,0.07,8-Nov-34
27774,12.42,12.20,12.00,12.10,12.40,12.54,12.35,12.23,12.25,0.08,-0.07,0.11,0.05,0.08,0.06,0.00,-0.11,0.10,1-Dec-34
27776,12.53,12.21,11.97,12.27,12.35,12.44,12.30,12.24,12.30,0.11,-0.08,0.14,-0.11,0.13,0.16,0.06,-0.11,0.05,3-Dec-34
27777,12.39,12.21,11.99,12.13,12.44,12.52,12.35,12.17,12.27,0.06,-0.07,0.12,0.03,0.04,0.08,0.00,-0.04,0.08,4-Dec-34
27784,12.46,12.14,12.03,12.09,12.42,12.55,12.40,12.20,12.22,0.07,-0.01,0.07,0.06,0.06,0.06,-0.05,-0.08,0.13,11-Dec-34
27875.87,12.43,12.24,12.07,12.07,12.43,12.54,12.30,12.12,12.28,0.06,-0.11,0.04,0.09,0.05,0.06,0.05,0.01,0.07,13-Mar-35
28010.5,12.26,12.28,12.29,12.28,12.27,12.26,12.28,12.19,12.23,0.19,-0.15,-0.18,-0.12,0.21,0.35,0.07,-0.06,0.12,26-Jul-35
28011.5,12.47,12.28,12.06,12.16,12.45,12.58,12.28,12.08,12.18,0.09,-0.15,0.05,0.00,0.03,0.02,0.07,0.04,0.17,27-Jul-35
28018.5,12.51,12.21,11.98,12.21,12.41,12.51,12.41,12.21,12.12,0.12,-0.08,0.13,-0.05,0.07,0.09,-0.06,-0.09,0.23,3-Aug-35
28021,12.43,12.20,12.03,12.14,12.28,12.49,12.34,12.23,12.34,0.09,-0.07,0.08,0.02,0.19,0.11,0.01,-0.10,0.01,5-Aug-35
28022,12.62,12.32,12.03,12.11,12.40,12.53,12.32,12.11,12.24,0.09,-0.18,0.07,0.04,0.08,0.07,0.03,0.01,0.11,6-Aug-35
28023,12.25,12.15,11.97,12.21,12.43,12.43,12.37,12.23,12.27,0.10,-0.02,0.14,-0.05,0.05,0.17,-0.02,-0.11,0.08,7-Aug-35
28024,12.55,12.18,12.12,12.02,12.49,12.52,12.34,12.18,12.23,0.08,-0.04,-0.01,0.14,-0.01,0.09,0.01,-0.05,0.12,8-Aug-35
28035,12.46,12.19,12.03,12.15,12.31,12.59,12.34,12.17,12.29,0.07,-0.06,0.07,0.01,0.17,0.02,0.02,-0.04,0.06,19-Aug-35
28036,12.26,12.10,12.23,12.21,12.43,12.61,12.30,12.15,12.05,0.12,0.04,-0.12,-0.05,0.05,0.00,0.05,-0.03,0.30,20-Aug-35
28038.5,12.27,12.27,11.97,12.17,12.40,12.54,12.29,12.24,12.19,0.11,-0.13,0.14,-0.01,0.08,0.07,0.06,-0.12,0.16,23-Aug-35
28040.5,12.41,12.21,12.06,12.18,12.31,12.38,12.38,12.18,12.38,0.11,-0.08,0.05,-0.02,0.17,0.23,-0.02,-0.05,-0.03,25-Aug-35
28046.5,12.38,12.29,12.16,12.16,12.40,12.50,12.10,12.20,12.26,0.13,-0.15,-0.05,0.00,0.08,0.11,0.25,-0.07,0.09,31-Aug-35
28078.5,12.43,12.16,12.03,12.14,12.40,12.59,12.31,12.16,12.28,0.05,-0.03,0.08,0.02,0.08,0.02,0.04,-0.04,0.07,2-Oct-35
28079.5,12.43,12.14,12.08,12.18,12.43,12.60,12.30,12.08,12.25,0.04,-0.01,0.03,-0.03,0.04,0.00,0.06,0.05,0.10,3-Oct-35
28080.5,12.39,12.14,12.01,12.16,12.37,12.53,12.37,12.16,12.31,0.06,-0.01,0.10,-0.01,0.10,0.08,-0.02,-0.04,0.04,4-Oct-35
28101.5,12.36,12.29,12.05,12.11,12.46,12.46,12.36,12.08,12.26,0.09,-0.16,0.06,0.05,0.02,0.15,-0.01,0.05,0.09,25-Oct-35
28103.5,12.48,12.18,12.06,12.10,12.39,12.55,12.37,12.12,12.30,0.04,-0.05,0.05,0.06,0.09,0.06,-0.02,0.01,0.05,27-Oct-35
28105.5,12.39,12.20,12.06,12.08,12.41,12.50,12.37,12.13,12.32,0.06,-0.07,0.05,0.08,0.06,0.11,-0.02,0.00,0.03,29-Oct-35
28110.5,12.40,12.12,12.01,12.12,12.46,12.49,12.40,12.23,12.23,0.08,0.01,0.09,0.04,0.02,0.11,-0.05,-0.10,0.12,3-Nov-35
28262.88,12.31,12.26,12.04,12.34,12.31,12.51,12.26,12.11,12.26,0.12,-0.12,0.07,-0.18,0.17,0.10,0.09,0.02,0.09,3-Apr-36
28309.5,12.45,12.21,12.03,12.24,12.42,12.54,12.35,12.04,12.24,0.07,-0.07,0.08,-0.08,0.06,0.07,0.00,0.08,0.11,20-May-36
28312.5,12.43,12.18,12.06,12.06,12.41,12.59,12.35,12.20,12.20,0.08,-0.05,0.05,0.10,0.07,0.01,0.00,-0.08,0.15,23-May-36
28336.5,12.44,12.17,12.12,12.12,12.54,12.52,12.34,12.07,12.20,0.07,-0.03,-0.01,0.04,-0.06,0.09,0.01,0.06,0.15,16-Jun-36
28337.5,12.51,12.22,12.06,12.08,12.46,12.58,12.32,12.14,12.20,0.07,-0.09,0.05,0.08,0.02,0.02,0.03,-0.02,0.15,17-Jun-36
28338.5,12.51,12.21,12.06,12.08,12.49,12.56,12.30,12.15,12.21,0.07,-0.08,0.05,0.08,-0.01,0.04,0.05,-0.02,0.14,18-Jun-36
28339.5,12.47,12.24,12.06,12.18,12.39,12.56,12.26,12.06,12.30,0.06,-0.10,0.04,-0.02,0.09,0.04,0.09,0.06,0.05,19-Jun-36
28341.5,12.51,12.19,12.04,12.17,12.36,12.60,12.36,12.10,12.25,0.06,-0.06,0.07,-0.02,0.12,0.01,-0.01,0.03,0.10,21-Jun-36
28342.5,12.41,12.18,12.05,12.13,12.45,12.60,12.30,12.12,12.23,0.05,-0.05,0.06,0.03,0.03,0.01,0.05,0.01,0.12,22-Jun-36
28348.5,12.38,12.19,12.03,12.11,12.43,12.53,12.38,12.11,12.27,0.05,-0.06,0.07,0.05,0.04,0.07,-0.03,0.01,0.08,28-Jun-36
28357.5,12.50,12.09,12.05,12.15,12.36,12.53,12.44,12.20,12.24,0.08,0.04,0.06,0.01,0.11,0.07,-0.09,-0.07,0.11,7-Jul-36
28358.5,12.34,12.17,12.12,12.09,12.50,12.58,12.27,12.12,12.22,0.06,-0.03,-0.01,0.06,-0.02,0.02,0.08,0.01,0.13,8-Jul-36
28367.5,12.44,12.17,12.08,12.07,12.40,12.50,12.35,12.15,12.34,0.05,-0.03,0.03,0.09,0.08,0.10,0.00,-0.03,0.01,17-Jul-36
28369.5,12.39,12.26,11.98,12.18,12.39,12.46,12.40,12.13,12.26,0.10,-0.13,0.12,-0.02,0.09,0.15,-0.05,0.00,0.09,19-Jul-36
28369.5,12.48,12.20,12.04,12.25,12.38,12.54,12.27,12.07,12.31,0.07,-0.06,0.07,-0.09,0.09,0.06,0.08,0.05,0.04,19-Jul-36
28373,12.44,12.29,12.00,12.15,12.38,12.51,12.34,12.12,12.27,0.09,-0.16,0.11,0.01,0.10,0.09,0.01,0.00,0.08,22-Jul-36
28375.5,12.54,12.13,12.08,12.09,12.48,12.56,12.34,12.13,12.25,0.04,0.00,0.03,0.06,0.00,0.04,0.01,-0.01,0.10,25-Jul-36
28378.5,12.37,12.23,11.98,12.25,12.35,12.53,12.33,12.12,12.27,0.09,-0.10,0.13,-0.09,0.13,0.08,0.02,0.00,0.08,28-Jul-36
28389.5,12.48,12.17,12.08,12.13,12.41,12.52,12.28,12.11,12.36,0.04,-0.04,0.03,0.02,0.07,0.08,0.07,0.02,-0.01,8-Aug-36
28390.5,12.47,12.16,12.08,12.17,12.47,12.60,12.31,12.08,12.21,0.05,-0.02,0.03,-0.01,0.01,0.01,0.04,0.05,0.14,9-Aug-36
28401,12.38,12.28,12.03,12.14,12.31,12.43,12.33,12.19,12.35,0.11,-0.15,0.08,0.02,0.16,0.17,0.02,-0.06,0.00,19-Aug-36
28405.5,12.36,12.16,12.02,12.14,12.32,12.58,12.36,12.26,12.22,0.09,-0.03,0.09,0.02,0.16,0.02,-0.01,-0.13,0.13,24-Aug-36
28408.5,12.35,12.22,12.01,12.11,12.40,12.56,12.33,12.18,12.25,0.07,-0.08,0.10,0.05,0.07,0.04,0.02,-0.06,0.10,27-Aug-36
28420.5,12.31,12.17,12.04,12.15,12.48,12.59,12.33,12.17,12.14,0.08,-0.03,0.07,0.01,0.00,0.01,0.02,-0.04,0.21,8-Sep-36
28425.5,12.45,12.28,12.04,12.06,12.38,12.49,12.30,12.20,12.30,0.09,-0.15,0.06,0.10,0.09,0.11,0.05,-0.07,0.05,13-Sep-36
28427,12.43,12.26,12.02,12.11,12.35,12.58,12.35,12.22,12.18,0.10,-0.12,0.09,0.05,0.12,0.03,0.00,-0.09,0.17,14-Sep-36
28428,12.53,12.24,12.02,12.08,12.40,12.54,12.36,12.17,12.25,0.07,-0.10,0.09,0.07,0.08,0.06,-0.01,-0.04,0.10,15-Sep-36
28431.5,12.47,12.26,12.04,12.07,12.37,12.47,12.37,12.16,12.31,0.09,-0.12,0.07,0.08,0.11,0.13,-0.02,-0.04,0.04,19-Sep-36
28454.5,12.30,12.25,12.29,12.16,12.44,12.48,12.15,12.07,12.23,0.13,-0.11,-0.18,0.00,0.04,0.12,0.20,0.06,0.12,12-Oct-36
28483.5,12.28,12.21,12.12,12.16,12.31,12.66,12.25,12.18,12.17,0.10,-0.07,-0.01,0.00,0.17,-0.06,0.10,-0.05,0.18,10-Nov-36
28484.5,12.45,12.24,12.05,12.07,12.40,12.54,12.33,12.14,12.30,0.06,-0.10,0.05,0.09,0.08,0.07,0.02,-0.02,0.05,11-Nov-36
28521.5,12.38,12.20,12.01,12.16,12.43,12.60,12.31,12.17,12.18,0.08,-0.06,0.10,0.00,0.04,0.00,0.04,-0.05,0.17,18-Dec-36
28636.5,12.47,12.19,11.98,12.24,12.39,12.58,12.31,12.15,12.23,0.08,-0.06,0.12,-0.08,0.09,0.03,0.05,-0.02,0.12,12-Apr-37
28640.5,12.36,12.10,12.05,12.16,12.43,12.55,12.35,12.13,12.30,0.02,0.03,0.05,0.00,0.05,0.05,0.01,0.00,0.05,16-Apr-37
28640.6,12.36,12.10,12.05,12.16,12.43,12.55,12.35,12.13,12.30,0.02,0.03,0.05,0.00,0.05,0.05,0.01,0.00,0.05,16-Apr-37
28674.5,12.48,12.19,12.03,12.21,12.50,12.52,12.36,12.06,12.21,0.07,-0.06,0.08,-0.05,-0.02,0.09,-0.01,0.06,0.14,20-May-37
28683.5,12.45,12.10,12.08,12.15,12.43,12.45,12.36,12.14,12.37,0.06,0.03,0.03,0.01,0.05,0.16,-0.01,-0.01,-0.02,29-May-37
28685.5,12.47,12.13,12.07,12.11,12.43,12.59,12.31,12.17,12.27,0.04,0.01,0.04,0.05,0.05,0.01,0.04,-0.04,0.08,31-May-37
28687.5,12.26,12.16,12.09,12.09,12.39,12.55,12.39,12.09,12.29,0.05,-0.03,0.02,0.07,0.09,0.05,-0.04,0.03,0.06,2-Jun-37
28690.5,12.47,12.22,12.01,12.22,12.34,12.47,12.38,12.10,12.32,0.09,-0.09,0.10,-0.06,0.14,0.13,-0.03,0.02,0.03,5-Jun-37
28723.5,12.36,12.18,12.07,12.09,12.46,12.53,12.27,12.14,12.32,0.04,-0.05,0.04,0.06,0.02,0.07,0.08,-0.01,0.03,8-Jul-37
28725.5,12.43,12.34,12.15,12.22,12.21,12.41,12.36,12.11,12.27,0.15,-0.21,-0.04,-0.06,0.27,0.19,0.00,0.02,0.08,10-Jul-37
28728.5,12.54,12.14,12.04,12.21,12.51,12.46,12.23,12.17,12.30,0.08,-0.01,0.07,-0.05,-0.03,0.14,0.12,-0.04,0.05,13-Jul-37
28750.5,12.25,12.18,12.14,12.08,12.34,12.60,12.22,12.25,12.25,0.10,-0.05,-0.04,0.08,0.14,0.00,0.14,-0.13,0.10,4-Aug-37
28752.5,12.40,12.17,11.98,12.19,12.36,12.54,12.36,12.28,12.19,0.11,-0.04,0.13,-0.03,0.12,0.06,-0.01,-0.16,0.16,6-Aug-37
28760.5,12.37,12.21,12.01,12.24,12.49,12.55,12.27,12.11,12.19,0.09,-0.08,0.10,-0.08,-0.01,0.06,0.08,0.01,0.16,14-Aug-37
28775.5,12.34,12.32,12.03,12.29,12.42,12.50,12.27,12.10,12.12,0.13,-0.19,0.08,-0.14,0.06,0.10,0.08,0.02,0.23,29-Aug-37
28785.5,12.38,12.19,12.08,12.19,12.44,12.44,12.24,12.11,12.38,0.07,-0.05,0.02,-0.03,0.04,0.16,0.11,0.02,-0.03,8-Sep-37
28789.5,12.37,12.21,11.99,12.21,12.32,12.54,12.32,12.16,12.30,0.08,-0.08,0.12,-0.05,0.15,0.06,0.03,-0.04,0.05,12-Sep-37
28791.5,12.52,12.05,12.09,12.16,12.40,12.60,12.36,12.20,12.20,0.07,0.08,0.02,-0.01,0.08,0.00,-0.01,-0.08,0.15,14-Sep-37
28800.5,12.37,12.22,11.95,12.22,12.37,12.50,12.32,12.20,12.27,0.10,-0.09,0.15,-0.07,0.11,0.10,0.03,-0.08,0.08,23-Sep-37
28801.5,12.49,12.26,12.12,12.03,12.37,12.56,12.28,12.16,12.28,0.08,-0.12,-0.01,0.13,0.11,0.04,0.07,-0.04,0.07,24-Sep-37
28803.5,12.45,12.29,12.01,12.17,12.29,12.56,12.37,12.19,12.21,0.11,-0.15,0.10,-0.01,0.19,0.05,-0.02,-0.06,0.14,26-Sep-37
28807.5,12.50,12.25,12.05,12.11,12.41,12.50,12.27,12.13,12.34,0.07,-0.12,0.06,0.04,0.07,0.10,0.08,-0.01,0.01,30-Sep-37
28809.5,12.44,12.24,12.03,12.17,12.36,12.51,12.21,12.21,12.33,0.09,-0.10,0.08,-0.01,0.12,0.09,0.14,-0.09,0.02,2-Oct-37
28811.5,12.50,12.12,12.08,12.08,12.45,12.59,12.31,12.22,12.22,0.06,0.01,0.03,0.08,0.03,0.01,0.04,-0.09,0.13,4-Oct-37
28836.5,12.46,12.25,12.05,12.16,12.36,12.56,12.29,12.09,12.31,0.07,-0.11,0.06,0.00,0.12,0.05,0.06,0.03,0.04,29-Oct-37
28836.5,12.46,12.25,12.02,12.15,12.34,12.53,12.39,12.10,12.28,0.08,-0.12,0.09,0.01,0.13,0.08,-0.04,0.02,0.07,29-Oct-37
28837.5,12.38,12.18,12.06,12.08,12.34,12.56,12.32,12.24,12.30,0.08,-0.04,0.05,0.08,0.14,0.05,0.03,-0.11,0.05,30-Oct-37
28838.5,12.49,12.24,12.02,12.12,12.40,12.53,12.31,12.14,12.31,0.07,-0.11,0.09,0.04,0.08,0.07,0.04,-0.01,0.04,31-Oct-37
28841.5,12.44,12.25,12.04,12.18,12.35,12.54,12.27,12.11,12.33,0.08,-0.12,0.07,-0.02,0.13,0.06,0.08,0.02,0.02,3-Nov-37
28842.5,12.45,12.22,12.03,12.16,12.45,12.56,12.25,12.11,12.27,0.06,-0.09,0.07,-0.01,0.03,0.04,0.10,0.02,0.08,4-Nov-37
28847.5,12.40,12.18,12.02,12.10,12.42,12.51,12.29,12.24,12.31,0.07,-0.05,0.09,0.06,0.06,0.09,0.06,-0.11,0.04,9-Nov-37
28861.5,12.48,12.07,12.04,12.17,12.49,12.49,12.30,12.24,12.27,0.07,0.06,0.07,-0.01,-0.01,0.11,0.06,-0.11,0.08,23-Nov-37
28862.5,12.40,12.30,12.09,12.14,12.35,12.53,12.28,12.07,12.30,0.09,-0.17,0.02,0.02,0.13,0.07,0.07,0.06,0.05,24-Nov-37
28863.58,12.45,12.24,12.09,12.13,12.37,12.46,12.37,12.07,12.35,0.08,-0.11,0.02,0.03,0.11,0.15,-0.02,0.06,0.00,25-Nov-37
28929.5,12.27,11.96,12.17,12.26,12.40,12.45,12.37,12.22,12.24,0.11,0.17,-0.06,-0.10,0.08,0.15,-0.02,-0.09,0.11,30-Jan-38
28964.5,12.42,12.18,12.12,12.18,12.44,12.57,12.34,12.01,12.23,0.06,-0.05,-0.01,-0.02,0.04,0.04,0.01,0.12,0.12,6-Mar-38
28966.5,12.43,12.32,12.04,12.11,12.36,12.40,12.32,12.18,12.32,0.12,-0.19,0.07,0.05,0.12,0.20,0.03,-0.06,0.03,8-Mar-38
28967.5,12.29,12.21,12.16,12.11,12.38,12.59,12.26,12.07,12.29,0.06,-0.07,-0.05,0.05,0.10,0.01,0.09,0.06,0.06,9-Mar-38
28967.5,12.43,12.10,12.02,12.15,12.43,12.55,12.37,12.20,12.26,0.06,0.04,0.09,0.01,0.05,0.06,-0.02,-0.08,0.09,9-Mar-38
29369.81,12.47,12.19,12.01,12.20,12.30,12.56,12.37,12.15,12.28,0.08,-0.05,0.09,-0.05,0.18,0.04,-0.02,-0.03,0.07,15-Apr-39
29374,12.44,12.19,12.08,12.12,12.33,12.64,12.36,12.16,12.19,0.08,-0.06,0.03,0.04,0.14,-0.03,0.00,-0.03,0.16,19-Apr-39
29427,12.40,12.19,12.03,12.13,12.42,12.53,12.42,12.11,12.25,0.06,-0.05,0.08,0.03,0.06,0.07,-0.07,0.01,0.10,11-Jun-39
29430,12.46,12.14,12.06,12.08,12.37,12.56,12.39,12.21,12.25,0.07,-0.01,0.05,0.08,0.11,0.04,-0.04,-0.08,0.10,14-Jun-39
29432,12.38,12.14,12.02,12.12,12.43,12.57,12.35,12.22,12.22,0.07,-0.01,0.09,0.04,0.05,0.04,0.00,-0.09,0.13,16-Jun-39
28964,12.49,12.19,11.98,12.16,12.38,12.52,12.38,12.19,12.27,0.08,-0.05,0.13,0.00,0.10,0.08,-0.03,-0.06,0.08,5-Mar-38
29437,12.36,12.26,12.09,12.17,12.41,12.54,12.36,12.01,12.22,0.08,-0.13,0.02,-0.01,0.07,0.06,-0.01,0.12,0.13,21-Jun-39
29439,12.55,12.21,12.03,12.10,12.51,12.51,12.33,12.23,12.14,0.10,-0.08,0.07,0.06,-0.04,0.09,0.02,-0.10,0.21,23-Jun-39
29441,12.43,12.27,12.00,12.16,12.43,12.54,12.25,12.18,12.23,0.09,-0.14,0.11,0.00,0.04,0.06,0.10,-0.05,0.12,25-Jun-39
29442,12.42,12.20,12.00,12.20,12.35,12.52,12.26,12.23,12.32,0.09,-0.06,0.11,-0.04,0.13,0.08,0.09,-0.10,0.03,26-Jun-39
29447,12.27,12.21,12.09,12.15,12.42,12.64,12.23,12.13,12.21,0.07,-0.07,0.01,0.01,0.06,-0.03,0.12,0.00,0.14,1-Jul-39
29451,12.41,12.20,12.06,12.14,12.36,12.50,12.27,12.15,12.38,0.07,-0.07,0.05,0.02,0.11,0.10,0.08,-0.03,-0.03,5-Jul-39
29456,12.46,12.22,12.04,12.12,12.32,12.57,12.42,12.17,12.20,0.09,-0.08,0.07,0.04,0.16,0.03,-0.07,-0.04,0.15,10-Jul-39
29460,12.45,12.21,12.04,12.16,12.38,12.63,12.33,12.12,12.21,0.07,-0.07,0.07,0.00,0.10,-0.02,0.02,0.00,0.14,14-Jul-39
29462,12.47,12.18,12.08,12.08,12.51,12.55,12.24,12.21,12.21,0.08,-0.04,0.03,0.08,-0.03,0.05,0.11,-0.09,0.14,16-Jul-39
29463,12.35,12.17,12.13,12.13,12.52,12.55,12.30,12.06,12.21,0.06,-0.04,-0.02,0.03,-0.04,0.05,0.05,0.07,0.14,17-Jul-39
29463,12.42,12.23,12.01,12.10,12.34,12.53,12.35,12.25,12.25,0.10,-0.10,0.10,0.06,0.14,0.07,0.00,-0.13,0.10,17-Jul-39
29465,12.39,12.19,12.17,12.07,12.39,12.58,12.41,12.07,12.17,0.09,-0.06,-0.07,0.09,0.09,0.03,-0.06,0.05,0.18,19-Jul-39
29468,12.33,12.07,12.04,12.25,12.36,12.55,12.41,12.17,12.22,0.08,0.07,0.07,-0.09,0.12,0.05,-0.06,-0.04,0.13,22-Jul-39
29486,12.40,12.16,12.08,12.11,12.40,12.62,12.24,12.24,12.22,0.08,-0.02,0.03,0.05,0.07,-0.01,0.11,-0.11,0.13,9-Aug-39
29488,12.29,12.14,12.06,12.12,12.39,12.62,12.31,12.24,12.18,0.08,-0.01,0.05,0.04,0.08,-0.02,0.04,-0.12,0.17,11-Aug-39
29489,12.40,12.15,12.02,12.21,12.40,12.60,12.34,12.11,12.22,0.06,-0.02,0.09,-0.05,0.07,0.00,0.01,0.01,0.13,12-Aug-39
29498,12.32,12.25,12.02,12.13,12.37,12.60,12.29,12.20,12.20,0.09,-0.11,0.09,0.03,0.11,0.00,0.06,-0.07,0.15,21-Aug-39
28499.5,12.42,12.22,12.00,12.14,12.39,12.57,12.32,12.17,12.27,0.07,-0.09,0.11,0.02,0.09,0.04,0.03,-0.05,0.08,26-Nov-36
29499,12.26,12.10,12.15,12.04,12.35,12.55,12.35,12.28,12.24,0.10,0.03,-0.04,0.12,0.12,0.06,0.00,-0.16,0.11,22-Aug-39
29574,12.45,12.21,12.06,12.18,12.24,12.58,12.30,12.21,12.29,0.10,-0.08,0.05,-0.02,0.24,0.02,0.05,-0.08,0.06,5-Nov-39
29576.53,12.39,12.20,11.97,12.20,12.42,12.55,12.32,12.17,12.23,0.07,-0.07,0.14,-0.04,0.05,0.05,0.03,-0.04,0.12,8-Nov-39
29578.52,12.42,12.04,12.07,12.17,12.40,12.55,12.32,12.30,12.22,0.09,0.09,0.03,-0.01,0.08,0.06,0.03,-0.17,0.13,10-Nov-39
29579,12.39,12.26,12.04,12.09,12.40,12.49,12.22,12.28,12.27,0.11,-0.13,0.07,0.06,0.08,0.11,0.13,-0.16,0.08,10-Nov-39
29581,12.44,12.20,11.99,12.14,12.35,12.47,12.37,12.24,12.31,0.09,-0.07,0.12,0.02,0.13,0.13,-0.02,-0.11,0.04,12-Nov-39
29598,12.38,12.19,12.06,12.11,12.40,12.57,12.35,12.11,12.29,0.04,-0.06,0.05,0.05,0.08,0.04,0.01,0.02,0.06,29-Nov-39
29605,12.49,12.09,12.05,12.15,12.32,12.56,12.34,12.24,12.30,0.07,0.04,0.05,0.00,0.16,0.04,0.01,-0.11,0.05,6-Dec-39
29730,12.42,12.15,12.13,12.13,12.49,12.62,12.29,12.13,12.13,0.08,-0.01,-0.02,0.03,-0.01,-0.01,0.06,-0.01,0.22,9-Apr-40
29734.5,12.57,12.16,12.13,12.09,12.49,12.47,12.37,12.07,12.29,0.06,-0.02,-0.03,0.07,-0.01,0.14,-0.01,0.06,0.06,14-Apr-40
29757.5,12.43,12.17,12.13,12.24,12.56,12.48,12.28,12.05,12.15,0.10,-0.03,-0.03,-0.09,-0.08,0.12,0.07,0.07,0.20,7-May-40
29807.5,12.45,12.08,12.20,12.18,12.48,12.56,12.15,12.22,12.20,0.11,0.05,-0.09,-0.02,0.00,0.05,0.20,-0.10,0.15,26-Jun-40
29812,12.38,12.22,12.03,12.14,12.41,12.56,12.41,12.11,12.19,0.08,-0.08,0.08,0.02,0.07,0.04,-0.06,0.02,0.16,30-Jun-40
29813,12.42,12.12,12.05,12.25,12.36,12.59,12.25,12.15,12.28,0.07,0.01,0.06,-0.10,0.11,0.01,0.10,-0.02,0.07,1-Jul-40
29816,12.41,12.22,12.02,12.17,12.41,12.59,12.22,12.22,12.22,0.09,-0.09,0.09,-0.01,0.07,0.01,0.13,-0.09,0.13,4-Jul-40
29817,12.42,12.09,12.05,12.17,12.35,12.52,12.33,12.21,12.35,0.06,0.05,0.05,-0.01,0.13,0.08,0.02,-0.08,0.00,5-Jul-40
29818,12.48,12.29,12.11,12.11,12.38,12.58,12.29,12.06,12.24,0.08,-0.16,0.00,0.05,0.10,0.02,0.06,0.06,0.11,6-Jul-40
29819,12.44,12.13,12.10,12.13,12.35,12.62,12.29,12.15,12.29,0.05,0.01,0.01,0.03,0.13,-0.01,0.06,-0.03,0.06,7-Jul-40
29821,12.49,12.21,12.15,12.12,12.25,12.56,12.38,12.10,12.29,0.09,-0.08,-0.05,0.04,0.22,0.04,-0.03,0.03,0.06,9-Jul-40
29825,12.36,12.19,12.13,12.04,12.46,12.59,12.29,12.17,12.19,0.08,-0.05,-0.02,0.11,0.02,0.01,0.06,-0.05,0.16,13-Jul-40
29834,12.46,12.10,12.14,12.10,12.53,12.50,12.35,12.10,12.24,0.06,0.03,-0.03,0.05,-0.06,0.11,0.00,0.02,0.11,22-Jul-40
29851,12.35,12.19,12.07,12.07,12.35,12.56,12.39,12.29,12.13,0.12,-0.06,0.04,0.08,0.12,0.04,-0.04,-0.16,0.22,8-Aug-40
29881,12.47,12.07,12.07,12.15,12.41,12.53,12.31,12.19,12.34,0.05,0.06,0.04,0.01,0.07,0.08,0.04,-0.07,0.01,7-Sep-40
29891,12.39,12.21,12.04,12.16,12.30,12.61,12.37,12.23,12.16,0.11,-0.08,0.07,0.00,0.18,0.00,-0.02,-0.10,0.19,17-Sep-40
29895,12.45,12.22,12.00,12.12,12.40,12.54,12.27,12.25,12.27,0.09,-0.09,0.11,0.04,0.08,0.07,0.08,-0.12,0.08,21-Sep-40
29902,12.43,12.21,12.01,12.12,12.35,12.54,12.35,12.18,12.30,0.07,-0.08,0.10,0.03,0.12,0.06,0.00,-0.05,0.05,28-Sep-40
29907,12.46,12.16,12.02,12.15,12.48,12.57,12.29,12.16,12.23,0.05,-0.03,0.09,0.01,0.00,0.03,0.06,-0.04,0.12,3-Oct-40
29908,12.36,12.12,12.14,12.10,12.32,12.63,12.36,12.24,12.15,0.10,0.01,-0.03,0.05,0.15,-0.03,-0.01,-0.11,0.20,4-Oct-40
29909,12.39,12.21,12.02,12.15,12.41,12.60,12.28,12.17,12.23,0.07,-0.08,0.09,0.01,0.07,0.00,0.08,-0.04,0.12,5-Oct-40
29910,12.27,12.17,12.13,12.13,12.37,12.62,12.37,12.07,12.21,0.07,-0.03,-0.02,0.03,0.11,-0.02,-0.02,0.05,0.14,6-Oct-40
29912,12.38,12.16,12.04,12.14,12.40,12.49,12.47,12.12,12.25,0.08,-0.03,0.07,0.02,0.08,0.11,-0.12,0.00,0.10,8-Oct-40
29914,12.24,12.20,12.07,12.11,12.45,12.48,12.48,12.16,12.11,0.11,-0.07,0.04,0.04,0.03,0.13,-0.13,-0.03,0.24,10-Oct-40
29915,12.31,12.14,12.12,12.16,12.57,12.44,12.19,12.21,12.23,0.11,-0.01,-0.01,-0.01,-0.09,0.17,0.16,-0.08,0.12,11-Oct-40
29923,12.40,12.17,12.01,12.19,12.46,12.60,12.30,12.16,12.17,0.08,-0.04,0.09,-0.03,0.02,0.01,0.05,-0.03,0.18,19-Oct-40
29924,12.34,12.20,12.03,12.13,12.31,12.59,12.38,12.20,12.23,0.09,-0.07,0.08,0.03,0.17,0.02,-0.03,-0.07,0.12,20-Oct-40
29925,12.41,12.18,12.00,12.16,12.45,12.49,12.41,12.13,12.26,0.07,-0.05,0.11,0.00,0.03,0.12,-0.05,-0.01,0.09,21-Oct-40
29926,12.45,12.21,12.10,12.03,12.50,12.50,12.37,12.15,12.21,0.08,-0.08,0.01,0.13,-0.02,0.10,-0.01,-0.03,0.14,22-Oct-40
29927,12.51,12.22,12.01,12.19,12.40,12.56,12.33,12.09,12.26,0.06,-0.09,0.09,-0.03,0.08,0.04,0.02,0.04,0.09,23-Oct-40
29929,12.46,12.17,12.01,12.15,12.32,12.58,12.35,12.27,12.20,0.10,-0.04,0.10,0.00,0.15,0.02,0.00,-0.14,0.15,25-Oct-40
29930,12.43,12.20,12.05,12.13,12.37,12.63,12.32,12.15,12.21,0.07,-0.07,0.06,0.03,0.11,-0.03,0.03,-0.03,0.14,26-Oct-40
29931,12.44,12.19,12.02,12.11,12.37,12.59,12.34,12.26,12.19,0.09,-0.05,0.09,0.05,0.11,0.02,0.01,-0.14,0.16,27-Oct-40
29932,12.45,12.15,12.00,12.21,12.41,12.58,12.38,12.18,12.16,0.09,-0.01,0.11,-0.05,0.07,0.03,-0.03,-0.05,0.19,28-Oct-40
29934,12.39,12.22,12.04,12.22,12.47,12.49,12.33,12.04,12.27,0.07,-0.09,0.07,-0.06,0.01,0.11,0.02,0.09,0.08,30-Oct-40
29935,12.39,12.25,12.04,12.04,12.40,12.51,12.33,12.27,12.22,0.10,-0.12,0.07,0.12,0.07,0.09,0.02,-0.14,0.13,31-Oct-40
29937,12.39,12.21,12.13,12.06,12.48,12.48,12.36,12.07,12.28,0.07,-0.08,-0.02,0.10,0.00,0.13,-0.01,0.05,0.07,2-Nov-40
29943,12.47,12.19,12.10,12.16,12.42,12.63,12.19,12.19,12.19,0.09,-0.06,0.01,0.00,0.06,-0.03,0.16,-0.06,0.16,8-Nov-40
29955,12.39,12.12,12.09,12.20,12.45,12.63,12.30,12.11,12.15,0.07,0.01,0.01,-0.05,0.03,-0.02,0.05,0.01,0.20,20-Nov-40
29956,12.58,12.30,12.11,12.08,12.48,12.54,12.32,12.16,12.08,0.12,-0.17,0.00,0.08,0.00,0.07,0.03,-0.03,0.27,21-Nov-40
29959,12.36,12.19,12.07,12.11,12.43,12.58,12.32,12.10,12.27,0.04,-0.06,0.04,0.05,0.05,0.02,0.04,0.03,0.08,24-Nov-40
29962,12.43,12.15,12.10,12.10,12.49,12.60,12.28,12.13,12.21,0.05,-0.01,0.00,0.05,-0.01,0.01,0.07,-0.01,0.14,27-Nov-40
29975,12.38,12.20,12.00,12.11,12.44,12.47,12.44,12.20,12.20,0.10,-0.07,0.10,0.04,0.04,0.13,-0.09,-0.07,0.15,10-Dec-40
30265.67,12.40,12.20,12.03,12.12,12.34,12.46,12.28,12.33,12.30,0.11,-0.06,0.07,0.04,0.13,0.14,0.08,-0.21,0.05,27-Sep-41
30466,12.35,12.16,12.11,12.11,12.45,12.63,12.25,12.16,12.18,0.07,-0.03,-0.01,0.04,0.03,-0.03,0.10,-0.03,0.17,15-Apr-42
30579,12.43,12.15,12.15,12.15,12.39,12.56,12.39,12.01,12.24,0.07,-0.02,-0.05,0.00,0.08,0.04,-0.04,0.11,0.11,6-Aug-42
30591,12.46,12.22,12.05,12.22,12.34,12.59,12.36,12.06,12.22,0.08,-0.09,0.06,-0.07,0.14,0.01,-0.01,0.06,0.13,18-Aug-42
30601,12.52,12.03,12.11,12.19,12.43,12.54,12.41,12.11,12.23,0.06,0.10,0.00,-0.04,0.05,0.06,-0.05,0.01,0.12,28-Aug-42
30602,12.39,12.28,12.01,12.20,12.45,12.47,12.19,12.19,12.28,0.11,-0.14,0.09,-0.05,0.03,0.13,0.17,-0.06,0.07,29-Aug-42
30605,12.49,12.20,12.09,12.07,12.41,12.62,12.33,12.16,12.20,0.07,-0.06,0.02,0.09,0.07,-0.01,0.02,-0.03,0.15,1-Sep-42
30609,12.43,12.20,12.05,12.15,12.49,12.59,12.30,12.15,12.13,0.09,-0.07,0.06,0.01,-0.02,0.02,0.05,-0.02,0.22,5-Sep-42
30640,12.36,12.27,12.08,12.13,12.36,12.60,12.34,12.07,12.21,0.08,-0.13,0.03,0.02,0.11,0.00,0.02,0.06,0.14,6-Oct-42
30661,12.44,12.20,12.05,12.12,12.45,12.60,12.34,12.14,12.17,0.07,-0.06,0.06,0.04,0.03,0.00,0.02,-0.02,0.18,27-Oct-42
30663,12.44,12.20,12.02,12.12,12.43,12.57,12.35,12.14,12.23,0.06,-0.07,0.09,0.04,0.05,0.03,0.00,-0.01,0.12,29-Oct-42
30668,12.40,12.24,12.12,12.20,12.39,12.58,12.14,12.12,12.27,0.10,-0.11,-0.02,-0.04,0.09,0.02,0.21,0.00,0.08,3-Nov-42
30698,12.44,12.16,12.01,12.12,12.40,12.58,12.36,12.21,12.21,0.07,-0.03,0.09,0.04,0.07,0.02,-0.01,-0.09,0.14,3-Dec-42
30699,12.41,12.17,12.07,12.09,12.42,12.62,12.32,12.15,12.22,0.06,-0.04,0.04,0.06,0.06,-0.01,0.03,-0.02,0.13,4-Dec-42
30700,12.41,12.08,12.04,12.16,12.48,12.50,12.35,12.18,12.28,0.05,0.05,0.07,0.00,0.00,0.10,0.01,-0.05,0.07,5-Dec-42
30899,12.36,12.22,11.99,12.12,12.40,12.51,12.35,12.17,12.30,0.07,-0.09,0.11,0.04,0.08,0.09,0.00,-0.05,0.05,22-Jun-43
30956,12.32,12.19,11.98,12.21,12.43,12.52,12.36,12.12,12.24,0.07,-0.06,0.13,-0.05,0.04,0.08,-0.01,0.00,0.11,18-Aug-43
30957,12.42,12.21,12.06,12.05,12.47,12.54,12.35,12.18,12.21,0.08,-0.07,0.05,0.11,0.01,0.06,0.00,-0.06,0.14,19-Aug-43
30965,12.41,12.23,12.03,12.10,12.37,12.57,12.33,12.16,12.28,0.07,-0.10,0.08,0.06,0.11,0.04,0.02,-0.04,0.07,27-Aug-43
31702,12.42,12.23,12.08,12.13,12.51,12.57,12.26,12.13,12.15,0.09,-0.10,0.03,0.03,-0.03,0.03,0.09,0.00,0.20,2-Sep-45
32065,12.35,12.14,12.00,12.16,12.47,12.54,12.37,12.16,12.22,0.06,-0.01,0.10,0.00,0.00,0.07,-0.02,-0.04,0.13,31-Aug-46
32079,12.45,12.19,12.04,12.10,12.45,12.57,12.39,12.15,12.17,0.08,-0.06,0.07,0.05,0.03,0.04,-0.04,-0.02,0.18,14-Sep-46
32082,12.44,12.19,12.03,12.22,12.33,12.60,12.26,12.15,12.29,0.08,-0.06,0.08,-0.06,0.15,0.01,0.09,-0.03,0.06,17-Sep-46
32083,12.48,12.17,12.02,12.16,12.44,12.56,12.29,12.14,12.29,0.04,-0.04,0.09,0.00,0.04,0.04,0.06,-0.02,0.06,18-Sep-46
32395,12.28,12.17,12.13,12.14,12.33,12.66,12.25,12.16,12.22,0.08,-0.04,-0.02,0.02,0.15,-0.05,0.10,-0.03,0.13,27-Jul-47
32405,12.45,12.31,12.19,12.08,12.33,12.55,12.29,12.06,12.25,0.11,-0.18,-0.09,0.08,0.15,0.05,0.06,0.06,0.10,6-Aug-47
32409,12.49,12.22,12.04,12.11,12.45,12.54,12.33,12.10,12.28,0.05,-0.08,0.07,0.05,0.03,0.06,0.03,0.03,0.07,10-Aug-47
32412,12.35,12.15,12.07,12.12,12.40,12.63,12.30,12.20,12.19,0.07,-0.01,0.04,0.04,0.07,-0.03,0.05,-0.08,0.16,13-Aug-47
32420,12.40,12.15,12.03,12.15,12.46,12.60,12.33,12.16,12.18,0.06,-0.01,0.08,0.01,0.02,0.01,0.02,-0.04,0.17,21-Aug-47
32421,12.40,12.14,12.02,12.13,12.42,12.57,12.36,12.15,12.26,0.04,-0.01,0.09,0.02,0.05,0.04,-0.01,-0.03,0.09,22-Aug-47
32422,12.45,12.13,12.02,12.18,12.50,12.56,12.32,12.16,12.19,0.07,0.00,0.08,-0.02,-0.02,0.05,0.03,-0.04,0.16,23-Aug-47
32433,12.36,12.23,12.07,12.12,12.40,12.61,12.32,12.08,12.23,0.06,-0.09,0.04,0.04,0.07,0.00,0.03,0.04,0.12,3-Sep-47
32436,12.38,12.22,12.01,12.10,12.37,12.54,12.39,12.23,12.20,0.10,-0.09,0.10,0.06,0.11,0.06,-0.04,-0.11,0.15,6-Sep-47
32438,12.41,12.18,12.06,12.12,12.39,12.61,12.38,12.13,12.20,0.06,-0.04,0.05,0.04,0.09,-0.01,-0.03,0.00,0.15,8-Sep-47
32439,12.43,12.18,12.03,12.17,12.41,12.62,12.30,12.14,12.22,0.06,-0.05,0.08,-0.01,0.07,-0.02,0.06,-0.01,0.13,9-Sep-47
32441,12.41,12.20,12.01,12.12,12.42,12.59,12.34,12.18,12.21,0.07,-0.06,0.10,0.03,0.05,0.02,0.02,-0.05,0.14,11-Sep-47
32442,12.45,12.21,11.99,12.13,12.36,12.54,12.36,12.21,12.26,0.08,-0.07,0.12,0.03,0.11,0.06,-0.01,-0.08,0.09,12-Sep-47
32446,12.44,12.12,12.06,12.13,12.47,12.59,12.35,12.14,12.21,0.05,0.01,0.05,0.03,0.01,0.01,0.00,-0.02,0.14,16-Sep-47
32455,12.34,12.24,12.08,12.13,12.42,12.49,12.38,12.04,12.30,0.07,-0.10,0.03,0.03,0.06,0.12,-0.03,0.08,0.05,25-Sep-47
32463,12.43,12.22,12.00,12.17,12.35,12.60,12.32,12.19,12.21,0.09,-0.09,0.11,-0.01,0.13,0.00,0.03,-0.07,0.14,3-Oct-47
32480,12.42,12.18,12.03,12.11,12.36,12.60,12.37,12.21,12.21,0.08,-0.04,0.08,0.05,0.12,0.01,-0.02,-0.08,0.14,20-Oct-47
32502,12.39,12.17,12.03,12.16,12.43,12.59,12.37,12.12,12.19,0.06,-0.04,0.08,0.00,0.05,0.01,-0.02,0.00,0.16,11-Nov-47
32504,12.39,12.22,12.03,12.06,12.42,12.55,12.36,12.19,12.23,0.08,-0.09,0.08,0.10,0.06,0.06,-0.01,-0.06,0.12,13-Nov-47
32507,12.42,12.22,12.01,12.08,12.47,12.50,12.35,12.18,12.24,0.08,-0.09,0.09,0.08,0.01,0.10,0.00,-0.06,0.11,16-Nov-47
32508,12.37,12.23,12.06,12.08,12.41,12.60,12.34,12.16,12.19,0.08,-0.10,0.05,0.08,0.07,0.00,0.01,-0.03,0.16,17-Nov-47
32526,12.40,12.17,12.05,12.09,12.42,12.58,12.37,12.16,12.23,0.06,-0.04,0.06,0.07,0.06,0.02,-0.02,-0.03,0.12,5-Dec-47
32529,12.47,12.17,12.04,12.14,12.40,12.61,12.33,12.13,12.25,0.05,-0.04,0.07,0.02,0.08,-0.01,0.02,-0.01,0.10,8-Dec-47
32532,12.40,12.14,12.07,12.07,12.42,12.60,12.34,12.21,12.22,0.06,-0.01,0.04,0.09,0.06,0.01,0.02,-0.08,0.13,11-Dec-47
32534,12.38,12.18,12.02,12.12,12.41,12.58,12.38,12.19,12.18,0.08,-0.05,0.09,0.04,0.07,0.02,-0.03,-0.07,0.17,13-Dec-47
32539,12.44,12.21,12.06,12.10,12.41,12.59,12.37,12.11,12.21,0.07,-0.08,0.04,0.06,0.07,0.01,-0.02,0.01,0.14,18-Dec-47
32732,12.46,12.29,12.02,12.21,12.53,12.40,12.27,12.13,12.21,0.12,-0.15,0.08,-0.06,-0.05,0.20,0.08,0.00,0.14,28-Jun-48
32735,12.29,12.25,12.00,12.15,12.47,12.53,12.37,12.13,12.16,0.09,-0.11,0.11,0.00,0.01,0.07,-0.01,-0.01,0.19,1-Jul-48
32736,12.30,12.19,12.16,12.04,12.37,12.59,12.35,12.11,12.25,0.07,-0.06,-0.05,0.12,0.11,0.01,0.00,0.01,0.10,2-Jul-48
32740,12.34,12.25,12.21,12.10,12.44,12.58,12.21,12.07,12.21,0.10,-0.11,-0.10,0.06,0.04,0.03,0.14,0.06,0.14,6-Jul-48
32758,12.39,12.19,12.07,12.12,12.38,12.61,12.37,12.23,12.10,0.11,-0.06,0.04,0.04,0.10,-0.01,-0.02,-0.11,0.25,24-Jul-48
32774,12.36,12.20,12.07,12.05,12.41,12.47,12.36,12.18,12.32,0.07,-0.07,0.04,0.11,0.07,0.13,-0.01,-0.06,0.03,9-Aug-48
32790,12.36,12.26,12.08,12.18,12.38,12.48,12.28,12.05,12.35,0.08,-0.13,0.03,-0.02,0.10,0.12,0.07,0.07,0.00,25-Aug-48
32791,12.49,12.26,12.14,12.14,12.29,12.47,12.29,12.09,12.38,0.10,-0.12,-0.03,0.02,0.19,0.13,0.06,0.03,-0.03,26-Aug-48
32793,12.39,12.20,12.07,12.11,12.40,12.58,12.42,12.11,12.16,0.08,-0.07,0.04,0.04,0.07,0.02,-0.07,0.01,0.19,28-Aug-48
32796,12.40,12.21,12.05,12.09,12.40,12.58,12.38,12.13,12.22,0.07,-0.07,0.06,0.07,0.08,0.02,-0.03,-0.01,0.13,31-Aug-48
32800,12.37,12.29,12.05,12.13,12.39,12.56,12.30,12.09,12.26,0.08,-0.16,0.06,0.03,0.09,0.05,0.05,0.04,0.09,4-Sep-48
33005,12.28,12.12,12.13,12.19,12.48,12.60,12.32,12.08,12.14,0.08,0.02,-0.02,-0.03,-0.01,0.00,0.03,0.04,0.21,28-Mar-49
33009,12.41,12.22,12.09,12.17,12.42,12.61,12.35,12.05,12.15,0.08,-0.09,0.02,-0.01,0.06,0.00,0.00,0.07,0.20,1-Apr-49
33091,12.41,12.14,12.12,12.13,12.52,12.57,12.28,12.10,12.20,0.06,-0.01,-0.01,0.03,-0.04,0.03,0.07,0.03,0.15,22-Jun-49
33150,12.48,12.12,12.13,12.14,12.46,12.59,12.25,12.11,12.28,0.04,0.02,-0.02,0.02,0.02,0.02,0.10,0.02,0.07,20-Aug-49
33171,12.34,12.27,12.03,12.18,12.47,12.44,12.28,12.09,12.30,0.09,-0.14,0.07,-0.02,0.01,0.16,0.07,0.04,0.05,10-Sep-49
33177,12.45,12.18,12.01,12.15,12.46,12.59,12.28,12.20,12.19,0.08,-0.04,0.09,0.01,0.02,0.01,0.07,-0.08,0.16,16-Sep-49
33231,12.43,12.25,12.04,12.10,12.43,12.58,12.32,12.13,12.21,0.07,-0.12,0.06,0.06,0.05,0.02,0.03,0.00,0.14,9-Nov-49
33424.5,12.40,12.26,12.10,12.08,12.52,12.52,12.28,12.11,12.20,0.09,-0.13,0.01,0.08,-0.04,0.09,0.08,0.01,0.15,22-May-50
33435.5,12.41,12.24,12.05,12.17,12.35,12.62,12.30,12.11,12.22,0.08,-0.10,0.06,-0.01,0.12,-0.02,0.05,0.02,0.13,2-Jun-50
33445.5,12.41,12.22,12.15,12.14,12.43,12.62,12.33,12.05,12.14,0.09,-0.08,-0.05,0.02,0.05,-0.01,0.02,0.08,0.21,12-Jun-50
33450,12.46,12.27,12.15,12.19,12.37,12.46,12.20,12.06,12.36,0.10,-0.14,-0.05,-0.03,0.10,0.14,0.15,0.07,-0.01,16-Jun-50
33472,12.41,12.12,12.08,12.10,12.44,12.44,12.39,12.16,12.33,0.06,0.01,0.03,0.06,0.03,0.16,-0.04,-0.04,0.02,8-Jul-50
33481.5,12.50,12.16,12.06,12.11,12.50,12.57,12.34,12.16,12.16,0.07,-0.03,0.05,0.05,-0.02,0.03,0.01,-0.04,0.19,18-Jul-50
33482,12.33,12.13,12.09,12.24,12.32,12.65,12.28,12.22,12.13,0.11,0.00,0.02,-0.08,0.16,-0.04,0.07,-0.09,0.22,18-Jul-50
33484,12.42,12.35,12.08,12.19,12.37,12.47,12.23,12.08,12.30,0.11,-0.21,0.03,-0.03,0.11,0.14,0.12,0.04,0.05,20-Jul-50
33502.5,12.39,12.16,12.07,12.16,12.39,12.61,12.31,12.09,12.26,0.04,-0.03,0.04,-0.01,0.09,-0.01,0.04,0.03,0.09,8-Aug-50
33510,12.42,12.24,12.10,12.16,12.52,12.56,12.27,12.14,12.08,0.11,-0.11,0.01,0.00,-0.04,0.04,0.08,-0.01,0.27,15-Aug-50
33511,12.45,12.24,12.10,12.14,12.40,12.62,12.25,12.08,12.24,0.07,-0.10,0.01,0.01,0.08,-0.02,0.10,0.04,0.11,16-Aug-50
33593,12.49,12.18,12.09,12.13,12.52,12.56,12.35,12.13,12.10,0.09,-0.05,0.02,0.03,-0.04,0.05,0.00,-0.01,0.25,6-Nov-50
33596,12.40,12.25,12.05,12.16,12.37,12.62,12.32,12.11,12.18,0.09,-0.12,0.06,0.00,0.10,-0.01,0.03,0.01,0.17,9-Nov-50
33600,12.41,12.16,12.07,12.10,12.45,12.61,12.29,12.17,12.22,0.06,-0.03,0.04,0.06,0.03,0.00,0.06,-0.05,0.13,13-Nov-50
33750,12.36,12.15,12.18,12.10,12.51,12.56,12.34,12.11,12.10,0.10,-0.02,-0.07,0.06,-0.04,0.04,0.01,0.01,0.25,12-Apr-51
33771,12.41,12.18,12.03,12.11,12.45,12.58,12.36,12.17,12.18,0.07,-0.05,0.08,0.05,0.02,0.03,-0.01,-0.05,0.17,3-May-51
33772,12.44,12.21,12.11,12.12,12.49,12.58,12.30,12.06,12.18,0.07,-0.08,0.00,0.03,-0.02,0.03,0.05,0.06,0.17,4-May-51
33780,12.30,12.09,12.12,12.22,12.43,12.60,12.38,12.16,12.07,0.11,0.04,-0.01,-0.06,0.05,0.01,-0.03,-0.03,0.28,12-May-51
33781,12.44,12.16,12.10,12.15,12.49,12.58,12.38,12.13,12.08,0.10,-0.03,0.01,0.01,-0.01,0.03,-0.02,0.00,0.27,13-May-51
33853,12.39,12.20,12.05,12.12,12.50,12.57,12.32,12.13,12.16,0.08,-0.07,0.06,0.03,-0.02,0.03,0.03,-0.01,0.19,24-Jul-51
33861,12.48,12.21,12.01,12.14,12.40,12.47,12.47,12.23,12.13,0.12,-0.07,0.10,0.01,0.07,0.14,-0.12,-0.11,0.22,1-Aug-51
33912,12.35,12.16,12.05,12.12,12.52,12.51,12.36,12.13,12.24,0.06,-0.02,0.06,0.04,-0.04,0.10,-0.01,0.00,0.11,21-Sep-51
34631.67,12.52,12.16,12.16,12.09,12.50,12.60,12.26,12.14,12.16,0.08,-0.03,-0.05,0.07,-0.02,0.01,0.09,-0.02,0.19,10-Sep-53
34650.6,12.42,12.25,12.07,12.11,12.48,12.55,12.34,12.08,12.18,0.08,-0.12,0.04,0.04,0.00,0.05,0.01,0.05,0.17,29-Sep-53
34651.64,12.49,12.19,12.07,12.07,12.53,12.51,12.34,12.16,12.19,0.08,-0.06,0.04,0.09,-0.05,0.09,0.01,-0.03,0.16,30-Sep-53
34653.63,12.42,12.14,12.09,12.17,12.49,12.62,12.28,12.13,12.14,0.08,-0.01,0.02,-0.01,-0.01,-0.01,0.07,-0.01,0.21,2-Oct-53
34654.7,12.34,12.16,12.12,12.08,12.52,12.55,12.23,12.19,12.21,0.08,-0.03,-0.01,0.08,-0.04,0.05,0.12,-0.06,0.14,3-Oct-53
34711.48,12.40,12.19,12.08,12.15,12.53,12.57,12.29,12.16,12.11,0.10,-0.06,0.03,0.01,-0.05,0.04,0.06,-0.03,0.24,28-Nov-53
34895.67,12.42,12.19,12.06,12.13,12.39,12.64,12.30,12.18,12.18,0.08,-0.06,0.05,0.03,0.09,-0.04,0.05,-0.05,0.17,1-Jun-54
34897.64,12.37,12.14,12.03,12.22,12.47,12.60,12.28,12.14,12.18,0.07,-0.01,0.07,-0.06,0.01,0.01,0.07,-0.02,0.17,3-Jun-54
34899.69,12.54,12.23,12.09,12.11,12.42,12.63,12.31,12.14,12.14,0.09,-0.09,0.01,0.05,0.06,-0.03,0.05,-0.01,0.21,5-Jun-54
34921.63,12.29,12.16,12.06,12.09,12.41,12.57,12.41,12.16,12.20,0.07,-0.03,0.05,0.07,0.07,0.03,-0.06,-0.03,0.15,27-Jun-54
34946.58,12.34,12.15,12.06,12.18,12.51,12.57,12.30,12.10,12.21,0.06,-0.01,0.05,-0.02,-0.03,0.04,0.05,0.02,0.14,22-Jul-54
34961.72,12.58,12.21,12.05,12.19,12.52,12.55,12.21,12.14,12.21,0.08,-0.07,0.05,-0.03,-0.04,0.05,0.14,-0.01,0.14,6-Aug-54
35010.63,12.41,12.19,12.06,12.12,12.51,12.57,12.34,12.12,12.16,0.07,-0.05,0.05,0.03,-0.03,0.04,0.01,0.00,0.19,24-Sep-54
35014.5,12.46,12.16,12.06,12.12,12.55,12.52,12.26,12.18,12.20,0.08,-0.03,0.04,0.04,-0.07,0.08,0.09,-0.06,0.15,28-Sep-54
35040.54,12.45,12.23,12.09,12.15,12.50,12.52,12.28,12.04,12.25,0.07,-0.10,0.02,0.01,-0.02,0.08,0.07,0.08,0.10,24-Oct-54
35249.73,12.39,12.23,12.08,12.09,12.45,12.61,12.30,12.16,12.15,0.09,-0.10,0.03,0.07,0.02,0.00,0.05,-0.03,0.20,21-May-55
35274.66,12.49,12.19,12.15,12.16,12.41,12.64,12.29,12.06,12.16,0.08,-0.05,-0.04,0.00,0.07,-0.04,0.06,0.06,0.19,15-Jun-55
35276.59,12.43,12.29,12.03,12.11,12.45,12.52,12.36,12.11,12.20,0.09,-0.15,0.08,0.05,0.03,0.08,-0.01,0.02,0.15,17-Jun-55
35298.61,12.42,12.14,12.14,12.16,12.51,12.60,12.23,12.12,12.16,0.08,-0.01,-0.03,0.00,-0.04,0.01,0.12,0.00,0.19,9-Jul-55
35310.67,12.41,12.19,12.04,12.16,12.47,12.55,12.31,12.09,12.26,0.05,-0.06,0.07,0.00,0.01,0.05,0.04,0.04,0.09,21-Jul-55
35669.79,12.52,12.16,12.11,12.05,12.45,12.53,12.41,12.13,12.22,0.07,-0.02,0.00,0.11,0.03,0.07,-0.06,0.00,0.13,14-Jul-56
35688.56,12.44,12.14,12.05,12.14,12.39,12.58,12.33,12.13,12.30,0.03,-0.01,0.06,0.02,0.09,0.02,0.02,0.00,0.05,2-Aug-56
35689.61,12.48,12.19,12.02,12.12,12.50,12.56,12.32,12.18,12.18,0.08,-0.06,0.09,0.03,-0.02,0.05,0.03,-0.05,0.17,3-Aug-56
35750.68,12.40,12.18,12.05,12.15,12.44,12.61,12.37,12.15,12.12,0.09,-0.05,0.05,0.01,0.04,0.00,-0.02,-0.02,0.23,3-Oct-56
35754.6,12.50,12.13,12.03,12.17,12.41,12.62,12.32,12.18,12.21,0.06,0.01,0.07,-0.01,0.07,-0.01,0.03,-0.06,0.14,7-Oct-56
36345.698,12.54,12.22,12.06,12.18,12.50,12.58,12.30,12.10,12.14,0.09,-0.09,0.05,-0.02,-0.02,0.03,0.05,0.03,0.21,21-May-58
36347.65,12.38,12.20,12.13,12.12,12.57,12.49,12.31,12.15,12.08,0.12,-0.06,-0.03,0.03,-0.09,0.11,0.04,-0.03,0.27,23-May-58
36395.61,12.39,12.24,12.10,12.05,12.46,12.58,12.28,12.14,12.20,0.08,-0.11,0.01,0.10,0.02,0.03,0.07,-0.02,0.15,10-Jul-58
37485,12.34,12.14,12.12,12.14,12.51,12.59,12.29,12.17,12.10,0.10,-0.01,-0.01,0.01,-0.03,0.01,0.06,-0.04,0.25,3-Jul-61
37494,12.50,12.17,12.00,12.14,12.47,12.55,12.33,12.18,12.23,0.06,-0.04,0.11,0.01,0.00,0.06,0.02,-0.05,0.12,12-Jul-61
37520,12.43,12.17,12.00,12.13,12.44,12.55,12.32,12.19,12.25,0.06,-0.04,0.11,0.03,0.03,0.05,0.03,-0.07,0.10,7-Aug-61
37521,12.40,12.18,12.05,12.14,12.41,12.62,12.36,12.13,12.19,0.07,-0.04,0.06,0.02,0.07,-0.01,-0.01,0.00,0.16,8-Aug-61
37521,12.46,12.09,12.13,12.14,12.45,12.58,12.39,12.09,12.19,0.06,0.04,-0.02,0.02,0.03,0.02,-0.04,0.04,0.16,8-Aug-61
37527,12.42,12.18,12.00,12.17,12.37,12.58,12.29,12.18,12.28,0.07,-0.05,0.11,-0.02,0.11,0.03,0.06,-0.06,0.07,14-Aug-61
37528,12.36,12.14,12.12,12.09,12.40,12.63,12.34,12.15,12.21,0.06,0.00,-0.01,0.07,0.08,-0.03,0.01,-0.02,0.14,15-Aug-61
37529,12.45,12.19,12.09,12.09,12.47,12.59,12.33,12.12,12.19,0.06,-0.05,0.02,0.07,0.01,0.01,0.02,0.00,0.16,16-Aug-61
37795.723,12.40,12.21,12.01,12.09,12.47,12.53,12.31,12.22,12.22,0.08,-0.07,0.10,0.07,0.00,0.07,0.04,-0.09,0.13,10-May-62
37818,12.45,12.25,12.13,12.22,12.45,12.56,12.29,12.00,12.18,0.09,-0.11,-0.02,-0.06,0.02,0.05,0.07,0.13,0.17,1-Jun-62
37873.75,12.39,12.17,12.02,12.16,12.40,12.57,12.33,12.12,12.29,0.04,-0.04,0.09,0.00,0.08,0.04,0.02,0.00,0.06,27-Jul-62
38241.73,12.51,12.14,12.07,12.17,12.52,12.57,12.31,12.12,12.16,0.07,-0.01,0.04,-0.01,-0.05,0.04,0.04,0.01,0.19,30-Jul-63
38242.75,12.42,12.21,12.11,12.11,12.45,12.63,12.25,12.17,12.13,0.09,-0.08,-0.01,0.04,0.02,-0.02,0.10,-0.04,0.22,31-Jul-63
38592.72,12.32,12.20,12.17,12.17,12.54,12.54,12.17,12.11,12.16,0.11,-0.07,-0.07,-0.02,-0.06,0.07,0.18,0.02,0.19,15-Jul-64
38973.57,12.49,12.20,12.03,12.14,12.35,12.54,12.37,12.12,12.32,0.06,-0.07,0.08,0.02,0.13,0.06,-0.01,0.00,0.03,31-Jul-65
38973.7145,12.48,12.26,12.03,12.12,12.32,12.55,12.35,12.17,12.28,0.09,-0.13,0.08,0.04,0.16,0.05,0.01,-0.04,0.07,31-Jul-65
38973,12.47,12.33,12.03,12.10,12.35,12.45,12.34,12.18,12.29,0.11,-0.20,0.07,0.06,0.13,0.16,0.01,-0.06,0.06,30-Jul-65
38976.55,12.35,12.24,12.06,12.18,12.42,12.62,12.33,12.12,12.12,0.10,-0.11,0.05,-0.02,0.06,-0.01,0.02,0.01,0.23,3-Aug-65
38976.57,12.42,12.20,12.10,12.04,12.44,12.59,12.32,12.22,12.15,0.09,-0.07,0.00,0.11,0.04,0.01,0.03,-0.09,0.20,3-Aug-65
38976.6,12.46,12.22,12.02,12.16,12.52,12.51,12.33,12.12,12.18,0.08,-0.09,0.09,0.00,-0.04,0.09,0.02,0.01,0.17,3-Aug-65
38977.63,12.42,12.04,12.08,12.22,12.41,12.59,12.36,12.16,12.20,0.07,0.09,0.02,-0.06,0.07,0.01,-0.01,-0.03,0.15,4-Aug-65
38978.65,12.56,12.11,12.02,12.24,12.37,12.59,12.37,12.24,12.14,0.11,0.02,0.09,-0.08,0.11,0.02,-0.01,-0.11,0.21,5-Aug-65
38978.66,12.50,12.23,12.09,12.13,12.38,12.60,12.26,12.09,12.28,0.06,-0.10,0.02,0.03,0.10,0.01,0.09,0.03,0.07,5-Aug-65
38938.741,12.47,12.24,12.02,12.15,12.38,12.57,12.34,12.11,12.26,0.07,-0.11,0.09,0.01,0.09,0.03,0.01,0.02,0.09,26-Jun-65
38989.64,12.61,12.19,12.05,12.08,12.44,12.57,12.37,12.14,12.22,0.06,-0.06,0.05,0.08,0.04,0.03,-0.02,-0.01,0.13,16-Aug-65
38990.64,12.30,12.20,12.04,12.26,12.43,12.43,12.34,12.05,12.32,0.09,-0.07,0.07,-0.10,0.05,0.18,0.01,0.07,0.03,17-Aug-65
38993.594,12.48,12.22,12.02,12.08,12.39,12.53,12.37,12.18,12.28,0.07,-0.08,0.09,0.08,0.09,0.08,-0.02,-0.05,0.07,20-Aug-65
38993.62,12.55,12.21,12.00,12.18,12.32,12.48,12.32,12.21,12.35,0.09,-0.07,0.10,-0.02,0.16,0.12,0.03,-0.08,0.00,20-Aug-65
38993.62,12.55,12.18,12.07,12.10,12.47,12.51,12.27,12.14,12.33,0.05,-0.04,0.04,0.05,0.01,0.09,0.08,-0.01,0.02,20-Aug-65
38996.63,12.62,12.13,12.03,12.24,12.32,12.51,12.29,12.18,12.35,0.08,0.00,0.08,-0.08,0.15,0.09,0.06,-0.06,0.00,23-Aug-65
38996.75,12.62,12.24,12.06,12.09,12.37,12.48,12.37,12.12,12.33,0.08,-0.11,0.05,0.07,0.11,0.12,-0.02,0.00,0.02,23-Aug-65
38996.772,12.49,12.20,11.99,12.18,12.39,12.55,12.33,12.14,12.29,0.06,-0.07,0.11,-0.02,0.09,0.06,0.02,-0.01,0.06,23-Aug-65
38997.55,12.56,12.23,12.03,12.12,12.38,12.51,12.27,12.18,12.35,0.07,-0.09,0.08,0.03,0.10,0.10,0.08,-0.06,0.00,24-Aug-65
38998.67,12.57,12.25,12.06,12.10,12.34,12.45,12.32,12.18,12.37,0.09,-0.11,0.05,0.06,0.13,0.15,0.03,-0.06,-0.02,25-Aug-65
39003.712,12.49,12.21,12.04,12.12,12.35,12.62,12.33,12.18,12.21,0.08,-0.08,0.07,0.04,0.13,-0.02,0.02,-0.06,0.14,30-Aug-65
39003.75,12.40,12.28,12.00,12.18,12.38,12.51,12.25,12.16,12.30,0.09,-0.15,0.10,-0.02,0.10,0.09,0.10,-0.03,0.05,30-Aug-65
39005.63,12.57,12.31,12.02,12.09,12.38,12.48,12.29,12.21,12.28,0.11,-0.18,0.08,0.07,0.10,0.12,0.06,-0.09,0.07,1-Sep-65
39005.64,12.39,12.19,12.09,12.13,12.28,12.63,12.34,12.17,12.23,0.09,-0.06,0.02,0.03,0.20,-0.02,0.01,-0.05,0.12,1-Sep-65
39005.667,12.48,12.16,12.08,12.13,12.33,12.56,12.40,12.11,12.30,0.06,-0.03,0.03,0.03,0.15,0.04,-0.05,0.02,0.05,1-Sep-65
39008.66,12.46,12.20,12.14,12.09,12.42,12.52,12.25,12.09,12.34,0.06,-0.06,-0.04,0.07,0.06,0.08,0.10,0.03,0.01,4-Sep-65
39008.68,12.39,12.26,11.99,12.15,12.41,12.51,12.41,12.15,12.20,0.09,-0.12,0.12,0.01,0.07,0.10,-0.06,-0.02,0.15,4-Sep-65
39021.57,12.47,12.28,12.03,12.11,12.34,12.58,12.31,12.17,12.23,0.09,-0.15,0.08,0.05,0.13,0.02,0.04,-0.04,0.12,17-Sep-65
39021.57,12.40,12.23,12.03,12.14,12.32,12.48,12.29,12.22,12.36,0.09,-0.10,0.08,0.02,0.16,0.12,0.07,-0.09,-0.01,17-Sep-65
39029.73,12.32,12.15,12.07,12.16,12.49,12.59,12.22,12.15,12.22,0.06,-0.02,0.03,-0.01,-0.01,0.01,0.13,-0.03,0.13,25-Sep-65
39030,12.50,12.19,12.13,12.11,12.33,12.60,12.30,12.10,12.30,0.06,-0.06,-0.02,0.05,0.14,0.00,0.05,0.03,0.05,25-Sep-65
39031.57,12.45,12.28,12.12,12.08,12.28,12.55,12.40,12.11,12.25,0.10,-0.14,-0.02,0.07,0.20,0.06,-0.05,0.01,0.10,27-Sep-65
39031.637,12.64,12.24,12.03,12.15,12.36,12.60,12.34,12.12,12.22,0.08,-0.10,0.08,0.00,0.12,0.00,0.01,0.00,0.13,27-Sep-65
39031.67,12.44,12.23,12.06,12.12,12.37,12.44,12.30,12.16,12.38,0.08,-0.10,0.05,0.04,0.11,0.16,0.05,-0.03,-0.03,27-Sep-65
39032.59,12.40,12.24,12.09,12.17,12.31,12.55,12.35,12.05,12.31,0.08,-0.11,0.02,-0.01,0.17,0.06,0.00,0.07,0.04,28-Sep-65
39032.67,12.57,12.14,12.02,12.23,12.33,12.44,12.33,12.21,12.36,0.10,0.00,0.09,-0.07,0.15,0.17,0.02,-0.09,-0.01,28-Sep-65
39034.56,12.44,12.21,12.03,12.18,12.42,12.53,12.22,12.15,12.33,0.07,-0.07,0.07,-0.02,0.06,0.08,0.13,-0.02,0.02,30-Sep-65
39034.61,12.46,12.17,12.05,12.11,12.46,12.54,12.24,12.20,12.30,0.06,-0.03,0.05,0.05,0.02,0.06,0.11,-0.07,0.05,30-Sep-65
39036.54,12.47,12.22,12.10,12.02,12.35,12.51,12.37,12.20,12.30,0.09,-0.09,0.01,0.14,0.13,0.09,-0.01,-0.07,0.05,2-Oct-65
39036.64,12.45,12.20,12.04,12.19,12.31,12.59,12.30,12.13,12.30,0.07,-0.07,0.07,-0.03,0.16,0.01,0.05,-0.01,0.05,2-Oct-65
39046.51,12.43,12.27,12.04,12.15,12.43,12.57,12.20,12.18,12.22,0.09,-0.14,0.07,0.01,0.05,0.03,0.15,-0.05,0.13,12-Oct-65
39047.55,12.26,12.06,12.25,12.08,12.37,12.47,12.25,12.26,12.31,0.11,0.08,-0.15,0.08,0.11,0.13,0.10,-0.14,0.04,13-Oct-65
39048.49,12.46,12.31,12.03,12.14,12.43,12.50,12.22,12.16,12.28,0.10,-0.17,0.08,0.02,0.05,0.11,0.13,-0.04,0.07,13-Oct-65
39256.67,12.60,12.24,12.02,12.22,12.45,12.48,12.29,12.07,12.30,0.08,-0.10,0.09,-0.07,0.03,0.13,0.06,0.06,0.05,10-May-66
39299,12.49,12.24,12.06,12.08,12.35,12.59,12.32,12.17,12.26,0.08,-0.11,0.05,0.07,0.13,0.01,0.03,-0.04,0.09,21-Jun-66
39315.67,12.53,12.23,12.08,12.23,12.38,12.63,12.29,12.08,12.14,0.10,-0.09,0.03,-0.07,0.10,-0.03,0.06,0.04,0.21,8-Jul-66
39321,12.41,12.10,12.14,12.10,12.44,12.56,12.38,12.10,12.25,0.05,0.04,-0.04,0.06,0.04,0.04,-0.03,0.03,0.10,13-Jul-66
39323.56,12.67,12.21,12.06,12.17,12.46,12.61,12.31,12.15,12.10,0.10,-0.08,0.05,-0.01,0.01,0.00,0.04,-0.02,0.25,16-Jul-66
39324.59,12.60,12.21,12.04,12.18,12.29,12.47,12.33,12.16,12.38,0.09,-0.08,0.06,-0.02,0.18,0.13,0.02,-0.03,-0.03,17-Jul-66
39327.76,12.51,12.22,12.03,12.07,12.41,12.56,12.29,12.22,12.25,0.08,-0.09,0.08,0.09,0.07,0.04,0.06,-0.10,0.10,20-Jul-66
39328.54,12.47,12.25,11.97,12.24,12.32,12.44,12.36,12.19,12.29,0.12,-0.12,0.14,-0.08,0.16,0.17,-0.01,-0.07,0.06,21-Jul-66
39328.543,12.46,12.16,12.06,12.18,12.44,12.62,12.30,12.10,12.21,0.05,-0.03,0.04,-0.02,0.04,-0.01,0.05,0.03,0.14,21-Jul-66
39328.66,12.30,12.13,12.08,12.17,12.49,12.59,12.28,12.09,12.23,0.05,0.00,0.03,-0.01,-0.01,0.02,0.07,0.03,0.12,21-Jul-66
39328.82,12.45,12.19,12.08,12.08,12.36,12.57,12.26,12.22,12.31,0.07,-0.06,0.03,0.08,0.12,0.03,0.10,-0.10,0.04,21-Jul-66
39344.57,12.48,12.20,12.05,12.12,12.51,12.55,12.25,12.15,12.23,0.07,-0.07,0.06,0.03,-0.04,0.06,0.10,-0.02,0.12,6-Aug-66
39351.78,12.52,12.35,12.06,12.08,12.37,12.49,12.37,12.21,12.13,0.13,-0.21,0.05,0.08,0.10,0.11,-0.02,-0.08,0.22,13-Aug-66
39381.62,12.60,12.17,12.08,12.09,12.36,12.58,12.39,12.14,12.27,0.06,-0.03,0.03,0.07,0.12,0.03,-0.04,-0.01,0.08,12-Sep-66
39647.67,12.55,12.29,12.13,12.14,12.31,12.41,12.24,12.15,12.38,0.12,-0.16,-0.02,0.02,0.17,0.20,0.11,-0.03,-0.03,5-Jun-67
39669.68,12.43,12.13,12.09,12.12,12.49,12.59,12.33,12.13,12.19,0.06,0.01,0.02,0.04,-0.01,0.01,0.02,0.00,0.16,27-Jun-67
39677.99,12.61,12.18,12.07,12.06,12.35,12.52,12.34,12.21,12.33,0.07,-0.05,0.04,0.10,0.12,0.08,0.01,-0.08,0.02,5-Jul-67
39678,12.49,12.32,12.13,12.16,12.30,12.33,12.31,12.15,12.36,0.14,-0.19,-0.03,0.00,0.18,0.27,0.04,-0.03,-0.01,5-Jul-67
39742.638,12.56,12.26,12.07,12.07,12.36,12.61,12.32,12.21,12.17,0.10,-0.12,0.04,0.09,0.12,0.00,0.03,-0.09,0.18,8-Sep-67
39741.638,12.47,12.20,12.00,12.15,12.37,12.59,12.33,12.18,12.24,0.07,-0.07,0.11,0.00,0.10,0.02,0.02,-0.05,0.11,7-Sep-67
39742.6,12.55,12.24,12.08,12.09,12.36,12.44,12.28,12.21,12.37,0.10,-0.11,0.03,0.07,0.12,0.17,0.07,-0.08,-0.02,8-Sep-67
39742.638,12.48,12.23,12.04,12.14,12.34,12.53,12.30,12.13,12.34,0.07,-0.10,0.07,0.01,0.13,0.07,0.05,0.00,0.01,8-Sep-67
39747.69,12.51,12.24,12.05,12.05,12.45,12.48,12.32,12.18,12.29,0.08,-0.10,0.06,0.10,0.02,0.12,0.04,-0.06,0.06,13-Sep-67
39747.724,12.52,12.22,12.01,12.25,12.40,12.56,12.28,12.09,12.26,0.08,-0.08,0.10,-0.09,0.08,0.05,0.07,0.03,0.09,13-Sep-67
39747.742,12.46,12.25,11.99,12.15,12.40,12.54,12.40,12.17,12.16,0.10,-0.12,0.12,0.01,0.08,0.06,-0.05,-0.05,0.19,13-Sep-67
39759.64,12.61,12.23,12.09,12.12,12.35,12.57,12.33,12.06,12.30,0.06,-0.10,0.01,0.03,0.13,0.03,0.02,0.06,0.05,25-Sep-67
39760.564,12.47,12.13,12.04,12.18,12.41,12.60,12.38,12.20,12.12,0.09,0.00,0.07,-0.03,0.07,0.00,-0.02,-0.08,0.23,26-Sep-67
39760.58,12.59,12.16,12.06,12.16,12.47,12.59,12.34,12.10,12.20,0.05,-0.02,0.05,0.00,0.00,0.02,0.01,0.03,0.15,26-Sep-67
39760.632,12.54,12.22,11.98,12.18,12.39,12.58,12.34,12.16,12.22,0.08,-0.08,0.12,-0.02,0.09,0.03,0.01,-0.03,0.13,26-Sep-67
39761.58,12.50,12.14,12.01,12.20,12.33,12.52,12.38,12.17,12.32,0.07,0.00,0.10,-0.04,0.14,0.08,-0.03,-0.04,0.03,27-Sep-67
39761.637,12.40,12.18,12.04,12.10,12.44,12.60,12.31,12.16,12.23,0.06,-0.05,0.06,0.06,0.04,0.01,0.04,-0.04,0.12,27-Sep-67
39761.667,12.50,12.22,12.01,12.12,12.41,12.58,12.31,12.18,12.23,0.07,-0.08,0.10,0.03,0.06,0.02,0.04,-0.05,0.12,27-Sep-67
39764.6,12.20,12.12,12.12,12.13,12.43,12.51,12.49,12.13,12.14,0.10,0.01,-0.01,0.03,0.05,0.10,-0.14,0.00,0.21,30-Sep-67
39764.638,12.56,12.28,12.01,12.14,12.44,12.56,12.29,12.13,12.21,0.08,-0.14,0.09,0.02,0.04,0.04,0.06,0.00,0.14,30-Sep-67
39764.694,12.60,12.19,12.01,12.14,12.42,12.58,12.33,12.16,12.24,0.06,-0.05,0.10,0.02,0.06,0.02,0.02,-0.03,0.11,30-Sep-67
40003.67,12.51,12.14,12.09,12.19,12.52,12.58,12.27,12.10,12.17,0.07,-0.01,0.02,-0.03,-0.04,0.03,0.08,0.02,0.18,26-May-68
40353.8,12.37,12.22,12.04,12.10,12.41,12.55,12.37,12.11,12.27,0.06,-0.09,0.07,0.06,0.06,0.05,-0.02,0.02,0.08,11-May-69
40411.63,12.52,12.19,12.16,12.06,12.43,12.62,12.32,12.12,12.17,0.08,-0.06,-0.05,0.10,0.05,-0.01,0.03,0.01,0.18,8-Jul-69
40412.8,12.49,12.17,12.00,12.15,12.48,12.56,12.29,12.19,12.22,0.07,-0.03,0.11,0.01,0.00,0.05,0.06,-0.07,0.13,9-Jul-69
40418.75,12.50,12.25,12.07,12.07,12.41,12.60,12.32,12.17,12.19,0.08,-0.11,0.04,0.09,0.07,0.01,0.03,-0.05,0.16,15-Jul-69
40418.785,12.57,12.20,12.09,12.11,12.43,12.61,12.33,12.09,12.20,0.06,-0.07,0.02,0.05,0.05,-0.01,0.02,0.03,0.15,15-Jul-69
40441.69,12.49,12.18,12.02,12.18,12.41,12.59,12.29,12.13,12.25,0.06,-0.05,0.09,-0.03,0.07,0.01,0.06,0.00,0.10,7-Aug-69
40445.81,12.38,12.18,12.11,12.21,12.45,12.62,12.30,12.07,12.12,0.09,-0.05,0.00,-0.05,0.03,-0.01,0.05,0.05,0.23,11-Aug-69
40447.69,12.51,12.11,12.04,12.23,12.49,12.56,12.35,12.15,12.14,0.08,0.03,0.07,-0.07,-0.01,0.04,0.00,-0.02,0.21,13-Aug-69
40452.66,12.58,12.22,12.10,12.13,12.43,12.63,12.27,12.10,12.18,0.08,-0.09,0.01,0.02,0.05,-0.03,0.08,0.03,0.17,18-Aug-69
40453.73,12.39,12.17,12.07,12.11,12.52,12.57,12.29,12.17,12.18,0.07,-0.03,0.04,0.05,-0.04,0.03,0.06,-0.04,0.17,19-Aug-69
40454.69,12.57,12.23,12.11,12.11,12.42,12.62,12.32,12.11,12.15,0.08,-0.09,0.00,0.05,0.05,-0.02,0.03,0.02,0.20,20-Aug-69
40455.57,12.51,12.22,12.14,12.15,12.40,12.60,12.36,12.02,12.17,0.09,-0.09,-0.03,0.00,0.08,0.01,-0.01,0.10,0.18,21-Aug-69
40474.73,12.47,12.23,12.05,12.07,12.38,12.57,12.37,12.14,12.24,0.07,-0.10,0.05,0.08,0.10,0.03,-0.02,-0.01,0.11,9-Sep-69
40475.62,12.30,12.07,12.25,12.10,12.38,12.43,12.23,12.27,12.33,0.12,0.06,-0.14,0.06,0.10,0.17,0.12,-0.14,0.02,10-Sep-69
40483.64,12.48,12.13,12.15,12.10,12.56,12.54,12.25,12.19,12.15,0.10,0.00,-0.04,0.05,-0.08,0.07,0.10,-0.07,0.20,18-Sep-69
40483.68,12.57,12.27,12.14,12.06,12.44,12.46,12.23,12.13,12.33,0.09,-0.14,-0.03,0.09,0.04,0.15,0.12,0.00,0.02,18-Sep-69
40495.57,12.52,12.19,12.07,12.16,12.52,12.57,12.31,12.12,12.12,0.09,-0.06,0.04,0.00,-0.05,0.04,0.05,0.00,0.23,30-Sep-69
40496.63,12.55,12.16,12.05,12.16,12.46,12.58,12.31,12.09,12.25,0.04,-0.03,0.05,0.00,0.02,0.02,0.04,0.03,0.10,1-Oct-69
40501.59,12.47,12.16,12.07,12.09,12.51,12.53,12.39,12.16,12.16,0.08,-0.03,0.03,0.07,-0.03,0.08,-0.04,-0.03,0.19,6-Oct-69
40508.52,12.44,12.18,12.07,12.11,12.48,12.48,12.37,12.08,12.30,0.05,-0.04,0.04,0.05,0.00,0.13,-0.02,0.04,0.05,13-Oct-69
40735.68,12.46,12.17,12.17,12.14,12.39,12.61,12.38,12.04,12.17,0.08,-0.03,-0.06,0.02,0.08,-0.01,-0.03,0.08,0.18,28-May-70
40736.645,12.38,12.19,11.96,12.19,12.39,12.51,12.35,12.20,12.27,0.08,-0.06,0.15,-0.03,0.09,0.09,0.00,-0.07,0.08,29-May-70
40737.64,12.54,12.15,12.08,12.15,12.47,12.61,12.27,12.13,12.22,0.05,-0.01,0.03,0.01,0.00,0.00,0.08,0.00,0.13,30-May-70
40746.71,12.54,12.18,12.03,12.10,12.46,12.54,12.29,12.18,12.28,0.06,-0.05,0.08,0.06,0.02,0.06,0.06,-0.06,0.07,8-Jun-70
40766.73,12.47,12.18,12.12,12.14,12.47,12.62,12.31,12.10,12.12,0.08,-0.04,-0.01,0.02,0.01,-0.02,0.04,0.02,0.23,28-Jun-70
40803.74,12.53,12.26,12.06,12.13,12.41,12.57,12.31,12.08,12.26,0.07,-0.12,0.05,0.03,0.07,0.03,0.04,0.05,0.09,4-Aug-70
40803.765,12.43,12.16,12.10,12.08,12.43,12.62,12.27,12.19,12.21,0.07,-0.03,0.00,0.08,0.05,-0.02,0.08,-0.06,0.14,4-Aug-70
40807.61,12.49,12.19,12.03,12.16,12.42,12.60,12.30,12.12,12.24,0.05,-0.06,0.08,0.00,0.06,0.00,0.05,0.00,0.11,8-Aug-70
40864.56,12.48,12.11,12.04,12.21,12.40,12.62,12.35,12.16,12.18,0.07,0.02,0.07,-0.05,0.08,-0.02,0.00,-0.04,0.17,4-Oct-70
41091.71,12.53,12.22,12.02,12.14,12.45,12.59,12.27,12.20,12.18,0.09,-0.09,0.09,0.02,0.02,0.02,0.08,-0.07,0.17,19-May-71
41095.61,12.42,12.14,12.04,12.15,12.48,12.57,12.36,12.19,12.14,0.08,0.00,0.07,0.01,0.00,0.03,-0.01,-0.07,0.21,23-May-71
41120.65,12.45,12.13,12.12,12.07,12.40,12.63,12.30,12.21,12.21,0.07,0.00,-0.01,0.08,0.08,-0.02,0.05,-0.08,0.14,17-Jun-71
41120.68,12.40,12.18,12.11,12.15,12.33,12.63,12.25,12.13,12.28,0.07,-0.05,0.00,0.01,0.15,-0.03,0.11,-0.01,0.07,17-Jun-71
41129.68,12.46,12.21,12.08,12.07,12.51,12.55,12.33,12.14,12.20,0.07,-0.07,0.03,0.09,-0.03,0.06,0.02,-0.01,0.15,26-Jun-71
41131.66,12.46,12.18,12.18,12.11,12.57,12.50,12.27,12.10,12.17,0.09,-0.05,-0.07,0.05,-0.09,0.10,0.09,0.03,0.18,28-Jun-71
41135.79,12.38,12.23,12.01,12.11,12.42,12.58,12.34,12.23,12.16,0.10,-0.10,0.09,0.05,0.06,0.03,0.02,-0.10,0.19,2-Jul-71
41151.63,12.44,12.20,12.03,12.10,12.44,12.58,12.33,12.15,12.24,0.06,-0.06,0.07,0.06,0.04,0.03,0.02,-0.02,0.11,18-Jul-71
41180.74,12.49,12.17,12.04,12.07,12.44,12.55,12.36,12.20,12.24,0.06,-0.03,0.07,0.09,0.04,0.06,-0.01,-0.08,0.11,16-Aug-71
41180.74,12.49,12.17,12.04,12.07,12.44,12.55,12.36,12.20,12.24,0.06,-0.03,0.07,0.09,0.04,0.06,-0.01,-0.08,0.11,16-Aug-71
41181.75,12.57,12.23,12.04,12.08,12.44,12.57,12.36,12.19,12.16,0.09,-0.10,0.07,0.07,0.04,0.03,-0.01,-0.07,0.19,17-Aug-71
41195.76,12.52,12.14,12.07,12.14,12.48,12.60,12.32,12.12,12.19,0.05,0.00,0.03,0.02,0.00,0.00,0.03,0.00,0.16,31-Aug-71
41216.62,12.37,12.23,12.03,12.19,12.44,12.43,12.36,12.08,12.32,0.08,-0.10,0.08,-0.03,0.04,0.18,-0.01,0.05,0.03,21-Sep-71
41216.64,12.46,12.22,12.06,12.14,12.24,12.55,12.32,12.29,12.25,0.12,-0.09,0.05,0.01,0.24,0.06,0.04,-0.16,0.10,21-Sep-71
41217.65,12.40,12.19,12.01,12.17,12.41,12.60,12.34,12.17,12.19,0.07,-0.05,0.10,-0.01,0.06,0.00,0.02,-0.04,0.16,22-Sep-71
41219.67,12.43,12.21,12.03,12.10,12.48,12.56,12.33,12.16,12.19,0.07,-0.08,0.08,0.06,0.00,0.04,0.03,-0.03,0.16,24-Sep-71
41506.79,12.52,12.23,12.07,12.07,12.41,12.54,12.33,12.11,12.30,0.06,-0.10,0.04,0.09,0.07,0.07,0.02,0.01,0.05,7-Jul-72
41508.67,12.55,12.26,12.07,12.09,12.45,12.59,12.29,12.13,12.33,0.05,0.03,0.07,0.03,0.02,0.06,0.00,0.17,0.08,9-Jul-72
41508.59,12.45,12.16,12.02,12.11,12.40,12.59,12.36,12.24,12.18,0.09,-0.03,0.08,0.04,0.08,0.02,-0.01,-0.11,0.17,9-Jul-72
41549.72,12.50,12.08,12.04,12.17,12.43,12.57,12.39,12.19,12.20,0.07,0.05,0.07,-0.01,0.05,0.03,-0.03,-0.06,0.15,19-Aug-72
41549.76,12.47,12.20,12.05,12.11,12.49,12.58,12.31,12.13,12.20,0.06,-0.07,0.06,0.04,-0.01,0.03,0.04,0.00,0.15,19-Aug-72
41561.62,12.48,12.12,12.03,12.12,12.50,12.54,12.36,12.19,12.19,0.07,0.01,0.08,0.03,-0.02,0.06,-0.01,-0.07,0.16,31-Aug-72
41561.65,12.49,12.22,12.03,12.10,12.45,12.54,12.38,12.13,12.20,0.07,-0.09,0.08,0.06,0.02,0.06,-0.03,-0.01,0.15,31-Aug-72
41565.73,12.48,12.16,12.03,12.13,12.45,12.59,12.32,12.16,12.22,0.05,-0.03,0.08,0.03,0.03,0.01,0.03,-0.04,0.13,4-Sep-72
41568.73,12.59,12.16,12.05,12.16,12.48,12.59,12.31,12.12,12.19,0.06,-0.03,0.06,0.00,-0.01,0.01,0.04,0.00,0.16,7-Sep-72
41570.74,12.44,12.20,12.06,12.13,12.44,12.61,12.33,12.11,12.18,0.07,-0.07,0.05,0.03,0.04,-0.01,0.02,0.01,0.17,9-Sep-72
41576.69,12.41,12.16,12.01,12.18,12.43,12.60,12.35,12.16,12.18,0.07,-0.03,0.10,-0.02,0.05,0.01,0.00,-0.03,0.17,15-Sep-72
41577.67,12.54,12.13,12.06,12.19,12.45,12.59,12.36,12.09,12.18,0.06,0.00,0.04,-0.03,0.02,0.01,-0.01,0.04,0.17,16-Sep-72
41593.61,12.46,12.20,11.99,12.15,12.45,12.56,12.37,12.17,12.18,0.08,-0.06,0.11,0.01,0.03,0.04,-0.01,-0.04,0.17,2-Oct-72
41595.56,12.51,12.17,12.01,12.18,12.42,12.61,12.31,12.15,12.21,0.06,-0.03,0.09,-0.02,0.06,0.00,0.04,-0.03,0.14,4-Oct-72
41834.68,12.54,12.20,12.03,12.13,12.46,12.59,12.31,12.13,12.22,0.06,-0.07,0.08,0.03,0.02,0.02,0.05,-0.01,0.13,31-May-73
41836.64,12.47,12.22,11.97,12.18,12.44,12.51,12.39,12.19,12.18,0.10,-0.08,0.14,-0.02,0.04,0.09,-0.03,-0.06,0.17,2-Jun-73
41870.65,12.42,12.17,12.04,12.15,12.42,12.62,12.33,12.20,12.14,0.09,-0.04,0.07,0.01,0.06,-0.02,0.03,-0.07,0.21,6-Jul-73
41872.8,12.50,12.24,11.98,12.14,12.42,12.52,12.33,12.16,12.27,0.07,-0.11,0.12,0.02,0.06,0.08,0.02,-0.03,0.08,8-Jul-73
41886.65,12.43,12.24,12.00,12.14,12.41,12.58,12.31,12.22,12.18,0.09,-0.11,0.11,0.02,0.07,0.03,0.05,-0.09,0.17,22-Jul-73
41888.76,12.43,12.24,12.00,12.14,12.41,12.58,12.31,12.22,12.18,0.09,-0.11,0.11,0.02,0.07,0.03,0.05,-0.09,0.17,24-Jul-73
41900.72,12.47,12.26,12.02,12.08,12.43,12.53,12.37,12.16,12.22,0.08,-0.12,0.09,0.07,0.05,0.07,-0.01,-0.04,0.13,5-Aug-73
41901.77,12.51,12.31,12.11,12.13,12.28,12.46,12.27,12.15,12.36,0.11,-0.17,0.00,0.03,0.19,0.14,0.08,-0.02,-0.01,6-Aug-73
41915.65,12.51,12.24,12.07,12.20,12.50,12.57,12.25,12.09,12.15,0.09,-0.10,0.04,-0.04,-0.02,0.03,0.11,0.03,0.20,20-Aug-73
41916.62,12.49,12.27,12.05,12.06,12.44,12.56,12.30,12.20,12.19,0.09,-0.14,0.06,0.09,0.04,0.04,0.05,-0.07,0.16,21-Aug-73
41951.56,12.43,12.20,12.08,12.12,12.42,12.62,12.35,12.18,12.09,0.10,-0.06,0.03,0.03,0.06,-0.01,0.00,-0.05,0.26,25-Sep-73
41951.66,12.42,12.21,12.01,12.14,12.46,12.56,12.33,12.14,12.23,0.06,-0.07,0.10,0.02,0.01,0.05,0.03,-0.01,0.12,25-Sep-73
41952.66,12.43,12.20,12.06,12.11,12.33,12.57,12.44,12.20,12.14,0.11,-0.07,0.05,0.04,0.14,0.03,-0.09,-0.08,0.21,26-Sep-73
41954.57,12.41,12.14,12.01,12.17,12.44,12.59,12.35,12.17,12.21,0.06,-0.01,0.10,-0.01,0.04,0.02,0.00,-0.04,0.14,28-Sep-73
41954.59,12.49,12.19,12.02,12.12,12.44,12.58,12.35,12.15,12.22,0.06,-0.06,0.09,0.04,0.04,0.03,0.00,-0.02,0.13,28-Sep-73
41954.67,12.44,12.19,12.11,12.05,12.41,12.60,12.32,12.15,12.23,0.06,-0.06,0.00,0.11,0.06,0.00,0.03,-0.03,0.12,28-Sep-73
41954.68,12.41,12.21,12.01,12.10,12.39,12.55,12.28,12.26,12.26,0.09,-0.07,0.10,0.05,0.09,0.05,0.07,-0.14,0.09,28-Sep-73
41954.74,12.40,12.25,12.03,12.12,12.40,12.59,12.36,12.15,12.16,0.09,-0.12,0.08,0.04,0.08,0.02,-0.01,-0.03,0.19,28-Sep-73
41954.765,12.42,12.22,11.99,12.13,12.40,12.54,12.38,12.22,12.18,0.10,-0.09,0.12,0.03,0.07,0.06,-0.03,-0.10,0.17,28-Sep-73
41955.69,12.44,12.17,12.05,12.10,12.40,12.61,12.30,12.20,12.23,0.07,-0.04,0.06,0.06,0.08,-0.01,0.05,-0.08,0.12,29-Sep-73
41955.72,12.45,12.15,12.04,12.09,12.44,12.58,12.34,12.20,12.22,0.06,-0.02,0.07,0.06,0.04,0.02,0.01,-0.08,0.13,29-Sep-73
41955.75,12.40,12.13,12.06,12.20,12.43,12.60,12.38,12.13,12.14,0.08,0.01,0.05,-0.04,0.05,0.00,-0.03,0.00,0.21,29-Sep-73
41955.77,12.35,12.19,12.08,12.11,12.41,12.62,12.35,12.20,12.11,0.10,-0.05,0.03,0.05,0.07,-0.02,0.00,-0.07,0.24,29-Sep-73
41956.61,12.42,12.13,12.02,12.16,12.39,12.58,12.38,12.15,12.25,0.05,0.00,0.09,0.00,0.08,0.02,-0.03,-0.02,0.10,30-Sep-73
41956.64,12.33,12.18,12.03,12.12,12.44,12.60,12.34,12.20,12.15,0.09,-0.05,0.08,0.04,0.03,0.01,0.01,-0.08,0.20,30-Sep-73
41956.69,12.34,12.16,12.04,12.13,12.43,12.62,12.34,12.19,12.17,0.07,-0.02,0.07,0.03,0.05,-0.01,0.02,-0.07,0.18,30-Sep-73
41957.64,12.47,12.13,12.06,12.13,12.41,12.61,12.37,12.15,12.19,0.06,0.00,0.05,0.03,0.07,-0.01,-0.02,-0.02,0.16,1-Oct-73
41957.67,12.55,12.20,12.00,12.17,12.38,12.59,12.37,12.16,12.18,0.08,-0.07,0.11,-0.01,0.10,0.01,-0.02,-0.03,0.17,1-Oct-73
41961.72,12.45,12.14,12.04,12.17,12.40,12.61,12.39,12.17,12.16,0.08,-0.01,0.07,-0.01,0.08,0.00,-0.04,-0.04,0.19,5-Oct-73
41961.73,12.37,12.16,12.02,12.21,12.44,12.59,12.37,12.13,12.16,0.08,-0.02,0.09,-0.05,0.04,0.02,-0.02,-0.01,0.19,5-Oct-73
42187.67,12.42,12.13,12.09,12.11,12.43,12.58,12.34,12.09,12.27,0.02,0.00,0.01,0.04,0.04,0.02,0.01,0.03,0.08,19-May-74
42237.6,12.38,12.17,12.00,12.18,12.43,12.59,12.34,12.15,12.20,0.07,-0.03,0.10,-0.02,0.05,0.01,0.01,-0.02,0.15,8-Jul-74
42237.61,12.32,12.11,12.05,12.20,12.52,12.53,12.33,12.11,12.20,0.06,0.02,0.06,-0.04,-0.04,0.07,0.02,0.01,0.15,8-Jul-74
42240.61,12.51,12.19,12.20,12.19,12.47,12.59,12.24,12.04,12.15,0.10,-0.05,-0.09,-0.03,0.01,0.01,0.11,0.09,0.20,11-Jul-74
42240.63,12.50,12.18,12.05,12.07,12.41,12.57,12.33,12.21,12.26,0.06,-0.05,0.06,0.09,0.07,0.03,0.02,-0.08,0.09,11-Jul-74
42240.63,12.54,12.20,12.15,12.04,12.40,12.61,12.36,12.15,12.15,0.09,-0.07,-0.04,0.11,0.08,-0.01,-0.01,-0.03,0.20,11-Jul-74
42241.62,12.41,12.16,11.98,12.15,12.41,12.55,12.36,12.22,12.23,0.07,-0.03,0.13,0.01,0.07,0.06,-0.01,-0.09,0.12,12-Jul-74
42246.66,12.38,11.98,12.23,12.16,12.38,12.45,12.34,12.26,12.28,0.11,0.15,-0.12,0.00,0.10,0.15,0.01,-0.13,0.07,17-Jul-74
42246.68,12.46,12.20,12.11,12.02,12.47,12.54,12.34,12.16,12.23,0.07,-0.06,0.00,0.14,0.01,0.06,0.01,-0.04,0.12,17-Jul-74
42246.71,12.45,12.19,12.12,12.02,12.46,12.54,12.39,12.17,12.18,0.09,-0.06,-0.01,0.14,0.02,0.07,-0.04,-0.04,0.17,17-Jul-74
42249.75,12.40,12.15,12.04,12.18,12.44,12.62,12.33,12.14,12.16,0.07,-0.02,0.07,-0.02,0.04,-0.01,0.02,-0.01,0.19,20-Jul-74
42249.78,12.45,12.22,11.99,12.14,12.40,12.56,12.37,12.20,12.17,0.09,-0.09,0.12,0.02,0.07,0.04,-0.02,-0.08,0.18,20-Jul-74
42249.8,12.48,12.21,12.03,12.12,12.49,12.57,12.30,12.18,12.17,0.08,-0.07,0.08,0.04,-0.01,0.04,0.05,-0.06,0.18,20-Jul-74
42250.57,12.49,12.20,12.04,12.14,12.53,12.54,12.32,12.12,12.17,0.07,-0.06,0.06,0.02,-0.05,0.06,0.03,0.01,0.18,21-Jul-74
42250.6,12.48,12.20,12.09,12.11,12.52,12.57,12.29,12.15,12.13,0.09,-0.07,0.01,0.05,-0.05,0.03,0.06,-0.02,0.22,21-Jul-74
42250.63,12.46,12.22,12.04,12.08,12.45,12.58,12.30,12.18,12.21,0.07,-0.09,0.07,0.07,0.03,0.03,0.05,-0.06,0.14,21-Jul-74
42269.69,12.48,12.23,12.01,12.12,12.41,12.58,12.34,12.17,12.21,0.08,-0.10,0.10,0.04,0.07,0.02,0.01,-0.04,0.14,9-Aug-74
42250.73,12.39,12.15,12.06,12.12,12.50,12.55,12.38,12.19,12.10,0.10,-0.02,0.04,0.03,-0.02,0.06,-0.03,-0.06,0.25,21-Jul-74
42250.75,12.44,12.20,12.00,12.12,12.43,12.58,12.34,12.20,12.20,0.08,-0.07,0.11,0.03,0.05,0.03,0.01,-0.07,0.15,21-Jul-74
42250.79,12.46,12.24,11.98,12.12,12.38,12.51,12.32,12.27,12.25,0.10,-0.11,0.13,0.04,0.10,0.10,0.03,-0.14,0.10,21-Jul-74
42251.76,12.55,12.19,12.15,12.15,12.55,12.55,12.28,12.12,12.08,0.11,-0.05,-0.04,0.01,-0.07,0.06,0.07,0.00,0.27,22-Jul-74
42251.79,12.40,12.17,12.02,12.15,12.48,12.58,12.26,12.19,12.21,0.07,-0.04,0.09,0.01,0.00,0.02,0.09,-0.07,0.14,22-Jul-74
42252.6,12.41,12.19,12.07,12.11,12.45,12.61,12.33,12.12,12.18,0.06,-0.06,0.03,0.05,0.03,-0.01,0.03,0.00,0.17,23-Jul-74
42252.76,12.28,12.14,12.07,12.08,12.50,12.56,12.28,12.21,12.21,0.07,-0.01,0.04,0.07,-0.02,0.04,0.07,-0.08,0.14,23-Jul-74
42271.59,12.46,12.21,12.02,12.12,12.43,12.57,12.36,12.14,12.21,0.07,-0.08,0.09,0.04,0.05,0.03,-0.01,-0.02,0.14,11-Aug-74
42276.74,12.43,12.15,11.99,12.16,12.44,12.56,12.35,12.23,12.18,0.08,-0.02,0.11,0.00,0.04,0.04,0.00,-0.10,0.17,16-Aug-74
42276.76,12.48,12.19,12.00,12.13,12.41,12.57,12.35,12.17,12.24,0.06,-0.06,0.11,0.03,0.07,0.04,0.00,-0.04,0.11,16-Aug-74
42278.65,12.43,12.19,12.04,12.17,12.40,12.62,12.35,12.17,12.12,0.09,-0.06,0.07,-0.01,0.08,-0.02,0.00,-0.04,0.23,18-Aug-74
42278.72,12.35,12.22,12.03,12.07,12.40,12.55,12.32,12.20,12.28,0.07,-0.08,0.08,0.09,0.08,0.05,0.03,-0.08,0.07,18-Aug-74
42280.69,12.43,12.18,12.03,12.13,12.48,12.55,12.38,12.19,12.13,0.09,-0.05,0.08,0.03,0.00,0.05,-0.02,-0.07,0.22,20-Aug-74
42280.71,12.40,12.16,12.03,12.10,12.46,12.55,12.34,12.17,12.24,0.05,-0.03,0.08,0.05,0.02,0.05,0.01,-0.05,0.11,20-Aug-74
42280.74,12.43,12.10,12.07,12.11,12.42,12.57,12.38,12.17,12.25,0.05,0.04,0.04,0.05,0.06,0.03,-0.03,-0.05,0.10,20-Aug-74
42285.76,12.43,12.22,12.11,12.08,12.50,12.54,12.35,12.09,12.17,0.08,-0.09,0.00,0.08,-0.02,0.06,0.00,0.04,0.18,25-Aug-74
42285.78,12.45,12.19,12.03,12.13,12.49,12.57,12.31,12.20,12.14,0.09,-0.06,0.08,0.03,-0.01,0.03,0.05,-0.08,0.21,25-Aug-74
42299.56,12.41,12.20,12.05,12.06,12.45,12.57,12.30,12.21,12.21,0.08,-0.07,0.05,0.09,0.03,0.03,0.05,-0.09,0.14,8-Sep-74
42299.6,12.51,12.25,12.10,12.03,12.47,12.53,12.32,12.22,12.15,0.11,-0.11,0.01,0.13,0.00,0.07,0.03,-0.09,0.20,8-Sep-74
42305.76,12.42,12.15,12.05,12.18,12.42,12.63,12.33,12.14,12.15,0.08,-0.02,0.06,-0.02,0.06,-0.03,0.02,-0.02,0.20,14-Sep-74
42306.58,12.45,12.15,12.02,12.15,12.40,12.61,12.34,12.23,12.18,0.08,-0.02,0.09,0.01,0.08,0.00,0.01,-0.10,0.17,15-Sep-74
42306.679,12.38,12.18,12.01,12.14,12.40,12.58,12.32,12.27,12.17,0.10,-0.04,0.10,0.02,0.08,0.02,0.03,-0.15,0.18,15-Sep-74
42306.704,12.48,12.17,12.11,12.11,12.48,12.61,12.32,12.15,12.13,0.08,-0.04,0.00,0.05,-0.01,0.00,0.04,-0.02,0.22,15-Sep-74
42307.575,12.30,12.12,12.04,12.18,12.42,12.59,12.32,12.27,12.13,0.10,0.02,0.07,-0.02,0.05,0.02,0.03,-0.15,0.22,16-Sep-74
42307.724,12.39,12.24,12.01,12.13,12.44,12.57,12.35,12.15,12.18,0.08,-0.10,0.10,0.03,0.04,0.03,0.00,-0.03,0.17,16-Sep-74
42307.762,12.31,12.25,12.04,12.12,12.52,12.49,12.29,12.11,12.24,0.08,-0.12,0.06,0.04,-0.04,0.12,0.06,0.02,0.11,16-Sep-74
42309.555,12.44,12.20,12.04,12.13,12.39,12.62,12.36,12.17,12.16,0.08,-0.06,0.07,0.03,0.09,-0.01,0.00,-0.05,0.19,18-Sep-74
42309.622,12.38,12.20,12.04,12.14,12.40,12.61,12.36,12.12,12.19,0.07,-0.07,0.07,0.02,0.08,-0.01,-0.01,0.00,0.16,18-Sep-74
42309.666,12.54,12.17,12.03,12.09,12.37,12.56,12.40,12.18,12.25,0.07,-0.04,0.08,0.06,0.11,0.04,-0.05,-0.06,0.10,18-Sep-74
42309.698,12.47,12.09,12.06,12.15,12.45,12.59,12.34,12.20,12.20,0.06,0.05,0.05,0.01,0.02,0.01,0.01,-0.07,0.15,18-Sep-74
42309.73,12.51,12.28,12.02,12.12,12.37,12.57,12.37,12.14,12.20,0.09,-0.15,0.09,0.03,0.11,0.03,-0.02,-0.01,0.15,18-Sep-74
42309.756,12.39,12.14,12.03,12.11,12.39,12.55,12.40,12.18,12.27,0.06,-0.01,0.07,0.05,0.09,0.05,-0.05,-0.05,0.08,18-Sep-74
42311.68,12.44,12.25,12.06,12.08,12.34,12.56,12.38,12.15,12.25,0.08,-0.12,0.05,0.08,0.14,0.04,-0.03,-0.02,0.10,20-Sep-74
42314.659,12.42,12.18,12.01,12.17,12.40,12.61,12.30,12.17,12.23,0.07,-0.05,0.10,-0.01,0.07,0.00,0.05,-0.05,0.12,23-Sep-74
42325.546,12.43,12.23,12.03,12.10,12.39,12.56,12.33,12.14,12.29,0.06,-0.10,0.08,0.06,0.09,0.05,0.02,-0.01,0.06,4-Oct-74
42326.495,12.36,12.21,11.98,12.14,12.37,12.54,12.35,12.28,12.19,0.11,-0.08,0.13,0.01,0.11,0.06,0.00,-0.15,0.16,4-Oct-74
42327.581,12.33,12.14,12.03,12.08,12.40,12.54,12.38,12.26,12.22,0.08,-0.01,0.07,0.08,0.08,0.06,-0.03,-0.14,0.13,6-Oct-74
42329.566,12.30,12.17,12.00,12.17,12.41,12.58,12.38,12.21,12.17,0.09,-0.03,0.11,-0.01,0.07,0.03,-0.03,-0.08,0.18,8-Oct-74
42541.707,12.43,12.25,12.08,12.08,12.49,12.56,12.34,12.13,12.13,0.09,-0.11,0.02,0.07,-0.01,0.04,0.01,-0.01,0.22,8-May-75
42573.711,12.38,12.23,12.03,12.12,12.36,12.59,12.36,12.14,12.23,0.07,-0.10,0.08,0.04,0.11,0.01,-0.01,-0.01,0.12,9-Jun-75
42594.674,12.45,12.16,12.05,12.08,12.50,12.52,12.38,12.18,12.19,0.08,-0.03,0.06,0.07,-0.02,0.09,-0.03,-0.05,0.16,30-Jun-75
42595.646,12.39,12.21,12.03,12.09,12.41,12.59,12.32,12.24,12.19,0.09,-0.07,0.08,0.07,0.07,0.02,0.03,-0.11,0.16,1-Jul-75
42596.673,12.51,12.14,12.08,12.15,12.49,12.60,12.29,12.12,12.19,0.06,-0.01,0.03,0.01,-0.01,0.00,0.06,0.01,0.16,2-Jul-75
42634.79,12.37,12.18,12.00,12.12,12.44,12.57,12.34,12.21,12.19,0.08,-0.05,0.11,0.03,0.03,0.04,0.01,-0.09,0.16,9-Aug-75
42634.81,12.42,12.24,12.10,12.02,12.38,12.56,12.37,12.17,12.22,0.09,-0.10,0.01,0.14,0.10,0.04,-0.02,-0.05,0.13,9-Aug-75
42637.69,12.44,12.12,12.06,12.11,12.39,12.60,12.39,12.21,12.18,0.08,0.01,0.05,0.05,0.08,0.01,-0.04,-0.08,0.17,12-Aug-75
42639.815,12.36,12.15,12.05,12.10,12.49,12.56,12.35,12.16,12.20,0.06,-0.01,0.06,0.05,-0.01,0.04,0.00,-0.03,0.15,14-Aug-75
42653.61,12.46,12.19,12.02,12.11,12.40,12.57,12.30,12.19,12.28,0.06,-0.06,0.09,0.05,0.08,0.04,0.05,-0.07,0.07,28-Aug-75
42656.7,12.34,12.18,12.05,12.13,12.47,12.60,12.33,12.13,12.18,0.06,-0.05,0.06,0.03,0.01,0.01,0.02,-0.01,0.17,31-Aug-75
42659.72,12.39,12.16,12.09,12.15,12.43,12.63,12.32,12.10,12.17,0.07,-0.03,0.02,0.01,0.05,-0.03,0.03,0.02,0.18,3-Sep-75
42661.7,12.36,12.15,12.03,12.11,12.40,12.59,12.35,12.23,12.21,0.08,-0.02,0.08,0.05,0.08,0.01,0.00,-0.11,0.14,5-Sep-75
42665.72,12.44,12.22,12.08,12.11,12.38,12.62,12.37,12.13,12.17,0.08,-0.08,0.03,0.05,0.10,-0.02,-0.01,0.00,0.18,9-Sep-75
42667.65,12.39,12.15,12.06,12.07,12.43,12.58,12.35,12.24,12.18,0.08,-0.01,0.05,0.08,0.04,0.03,0.00,-0.11,0.17,11-Sep-75
42667.71,12.39,12.16,12.05,12.13,12.43,12.61,12.33,12.16,12.21,0.06,-0.02,0.06,0.03,0.05,-0.01,0.03,-0.03,0.14,11-Sep-75
42669.7,12.42,12.21,12.05,12.13,12.34,12.61,12.36,12.13,12.23,0.07,-0.08,0.06,0.03,0.13,-0.01,-0.01,0.00,0.12,13-Sep-75
42686.64,12.46,12.25,11.97,12.20,12.33,12.54,12.36,12.19,12.23,0.10,-0.12,0.14,-0.04,0.14,0.07,-0.01,-0.06,0.12,30-Sep-75
42920.75,12.42,12.14,12.07,12.07,12.42,12.59,12.34,12.25,12.19,0.08,0.00,0.04,0.09,0.06,0.02,0.01,-0.12,0.16,21-May-76
42932.69,12.42,12.24,12.07,12.12,12.52,12.52,12.31,12.09,12.19,0.08,-0.10,0.03,0.04,-0.05,0.08,0.04,0.04,0.16,2-Jun-76
42933.76,12.41,12.19,12.01,12.12,12.46,12.58,12.32,12.20,12.19,0.08,-0.06,0.10,0.03,0.02,0.03,0.03,-0.07,0.16,3-Jun-76
42934.66,12.43,12.17,12.05,12.12,12.48,12.58,12.34,12.12,12.19,0.06,-0.04,0.05,0.04,-0.01,0.03,0.01,0.00,0.16,4-Jun-76
42955.73,12.37,12.19,11.98,12.14,12.37,12.48,12.37,12.29,12.25,0.11,-0.06,0.13,0.02,0.11,0.13,-0.02,-0.17,0.10,25-Jun-76
42978.58,12.49,12.19,12.04,12.12,12.49,12.58,12.31,12.15,12.18,0.07,-0.06,0.06,0.04,-0.02,0.03,0.04,-0.03,0.17,18-Jul-76
42979.65,12.44,12.15,12.11,12.13,12.49,12.60,12.23,12.14,12.21,0.06,-0.02,0.00,0.03,-0.02,0.01,0.12,-0.02,0.14,19-Jul-76
42986.81,12.42,12.14,12.08,12.08,12.45,12.58,12.39,12.18,12.15,0.08,-0.01,0.02,0.07,0.03,0.02,-0.04,-0.05,0.20,26-Jul-76
42988.75,12.45,12.24,12.02,12.10,12.39,12.58,12.32,12.26,12.16,0.10,-0.10,0.09,0.06,0.09,0.03,0.03,-0.13,0.19,28-Jul-76
42992.79,12.50,12.09,12.09,12.18,12.29,12.61,12.38,12.25,12.16,0.11,0.04,0.01,-0.02,0.19,0.00,-0.03,-0.13,0.19,1-Aug-76
43015.77,12.52,12.17,12.07,12.19,12.44,12.63,12.30,12.12,12.15,0.08,-0.04,0.04,-0.03,0.03,-0.02,0.05,0.01,0.20,24-Aug-76
43015.8,12.48,12.14,12.09,12.15,12.43,12.63,12.35,12.12,12.14,0.07,-0.01,0.01,0.00,0.05,-0.03,0.00,0.01,0.21,24-Aug-76
43044.6,12.41,12.19,12.03,12.14,12.37,12.60,12.33,12.14,12.26,0.06,-0.05,0.08,0.02,0.11,0.00,0.02,-0.02,0.09,22-Sep-76
43044.69,12.41,12.20,12.03,12.21,12.41,12.61,12.34,12.11,12.15,0.09,-0.07,0.08,-0.05,0.07,-0.01,0.01,0.01,0.20,22-Sep-76
43044.66,12.43,12.15,12.01,12.14,12.44,12.56,12.40,12.20,12.16,0.08,-0.02,0.10,0.02,0.04,0.05,-0.05,-0.07,0.19,22-Sep-76
43046.65,12.46,12.17,12.01,12.19,12.42,12.61,12.34,12.16,12.15,0.08,-0.04,0.09,-0.04,0.06,0.00,0.01,-0.04,0.20,24-Sep-76
43047.7,12.39,12.19,12.03,12.17,12.42,12.61,12.36,12.12,12.16,0.08,-0.05,0.08,-0.02,0.06,0.00,-0.01,0.00,0.19,25-Sep-76
43051.7,12.42,12.20,12.01,12.12,12.42,12.58,12.34,12.18,12.21,0.07,-0.06,0.10,0.03,0.06,0.02,0.01,-0.06,0.14,29-Sep-76
43279.7,12.51,12.14,12.05,12.14,12.43,12.61,12.34,12.13,12.22,0.05,-0.01,0.06,0.01,0.05,0.00,0.01,-0.01,0.13,15-May-77
43311.68,12.43,12.17,12.00,12.11,12.45,12.55,12.35,12.23,12.20,0.08,-0.04,0.10,0.05,0.03,0.05,0.00,-0.11,0.15,16-Jun-77
43319.76,12.47,12.16,12.08,12.12,12.46,12.61,12.25,12.17,12.22,0.06,-0.02,0.03,0.04,0.02,-0.01,0.10,-0.04,0.13,24-Jun-77
43335.77,12.47,12.19,12.05,12.09,12.42,12.57,12.28,12.17,12.29,0.05,-0.05,0.06,0.06,0.05,0.04,0.07,-0.05,0.06,10-Jul-77
43365.78,12.22,12.13,12.08,12.12,12.44,12.60,12.38,12.14,12.17,0.07,0.00,0.03,0.04,0.04,0.00,-0.03,-0.02,0.18,9-Aug-77
43371.65,12.58,12.20,12.05,12.08,12.49,12.54,12.34,12.14,12.22,0.07,-0.07,0.06,0.08,-0.02,0.07,0.01,-0.02,0.13,15-Aug-77
43374.75,12.43,12.13,12.07,12.10,12.41,12.58,12.41,12.17,12.19,0.07,0.00,0.04,0.06,0.07,0.02,-0.06,-0.05,0.16,18-Aug-77
43395.64,12.48,12.24,12.01,12.16,12.41,12.60,12.30,12.15,12.20,0.08,-0.10,0.10,0.00,0.07,0.01,0.05,-0.02,0.15,8-Sep-77
43398.66,12.61,12.19,12.04,12.12,12.46,12.60,12.32,12.16,12.18,0.07,-0.06,0.07,0.04,0.02,0.00,0.03,-0.03,0.17,11-Sep-77
43401.59,12.45,12.22,12.00,12.13,12.47,12.55,12.33,12.16,12.20,0.07,-0.08,0.10,0.03,0.01,0.05,0.02,-0.04,0.15,14-Sep-77
43401.66,12.35,12.21,12.02,12.16,12.42,12.61,12.31,12.15,12.17,0.08,-0.08,0.09,0.00,0.06,-0.01,0.04,-0.02,0.18,14-Sep-77
43421.57,12.48,12.14,12.04,12.15,12.46,12.60,12.28,12.17,12.22,0.06,-0.01,0.07,0.01,0.01,0.00,0.07,-0.04,0.13,4-Oct-77
43670.63,12.39,12.16,12.05,12.14,12.57,12.48,12.30,12.16,12.19,0.08,-0.03,0.05,0.02,-0.09,0.12,0.05,-0.04,0.16,10-Jun-78
43670.66,12.44,12.20,12.03,12.13,12.49,12.56,12.34,12.19,12.13,0.09,-0.06,0.08,0.03,-0.01,0.04,0.01,-0.06,0.22,10-Jun-78
43689.68,12.52,12.16,12.04,12.15,12.50,12.56,12.33,12.12,12.19,0.06,-0.03,0.06,0.00,-0.03,0.04,0.02,0.01,0.16,29-Jun-78
43690.63,12.65,12.13,12.26,12.03,12.45,12.50,12.31,12.12,12.26,0.09,0.00,-0.15,0.13,0.02,0.10,0.04,0.01,0.09,30-Jun-78
43690.79,12.43,12.13,12.13,12.05,12.43,12.56,12.35,12.28,12.14,0.11,0.01,-0.02,0.11,0.05,0.04,0.00,-0.16,0.21,30-Jun-78
43691.73,12.50,12.17,12.07,12.07,12.46,12.59,12.33,12.19,12.19,0.07,-0.04,0.04,0.09,0.02,0.02,0.02,-0.06,0.16,1-Jul-78
43691.76,12.55,12.20,12.04,12.06,12.38,12.52,12.35,12.21,12.30,0.07,-0.07,0.07,0.09,0.09,0.08,0.00,-0.09,0.05,1-Jul-78
43696.65,12.47,12.10,12.03,12.17,12.45,12.58,12.31,12.23,12.20,0.07,0.03,0.08,-0.01,0.03,0.02,0.04,-0.10,0.15,6-Jul-78
43696.79,12.52,12.20,11.99,12.14,12.44,12.56,12.33,12.19,12.22,0.07,-0.07,0.12,0.02,0.04,0.04,0.02,-0.06,0.13,6-Jul-78
43696.82,12.38,12.17,12.04,12.14,12.47,12.58,12.38,12.14,12.15,0.07,-0.03,0.06,0.02,0.01,0.03,-0.03,-0.01,0.20,6-Jul-78
43697.78,12.46,12.16,12.05,12.10,12.46,12.55,12.31,12.15,12.29,0.04,-0.03,0.06,0.06,0.02,0.05,0.05,-0.02,0.06,7-Jul-78
43697.81,12.43,12.14,12.03,12.11,12.43,12.58,12.32,12.21,12.25,0.06,-0.01,0.08,0.05,0.05,0.03,0.03,-0.08,0.10,7-Jul-78
43702.74,12.49,12.21,12.05,12.08,12.53,12.48,12.30,12.19,12.23,0.08,-0.07,0.06,0.08,-0.05,0.13,0.05,-0.07,0.12,12-Jul-78
43702.768,12.39,12.24,12.04,12.06,12.41,12.54,12.37,12.26,12.15,0.11,-0.11,0.06,0.10,0.07,0.07,-0.02,-0.13,0.20,12-Jul-78
43702.799,12.50,12.19,12.00,12.10,12.40,12.53,12.34,12.24,12.26,0.08,-0.06,0.11,0.06,0.08,0.07,0.01,-0.11,0.09,12-Jul-78
43703.709,12.52,12.21,11.99,12.12,12.40,12.52,12.33,12.21,12.28,0.08,-0.08,0.12,0.04,0.08,0.08,0.03,-0.09,0.07,13-Jul-78
43753.696,12.52,12.21,12.01,12.19,12.46,12.59,12.31,12.13,12.17,0.08,-0.08,0.09,-0.03,0.02,0.01,0.04,0.00,0.18,1-Sep-78
43756.766,12.48,12.21,12.04,12.12,12.49,12.56,12.34,12.14,12.16,0.08,-0.07,0.07,0.04,-0.01,0.04,0.01,-0.02,0.19,4-Sep-78
43757.568,12.37,12.20,12.06,12.07,12.41,12.60,12.35,12.18,12.20,0.07,-0.06,0.05,0.09,0.07,0.01,0.00,-0.06,0.15,5-Sep-78
43757.7,12.51,12.22,12.06,12.04,12.44,12.52,12.30,12.22,12.27,0.08,-0.09,0.05,0.12,0.04,0.08,0.05,-0.10,0.08,5-Sep-78
43757.72,12.48,12.18,11.99,12.14,12.45,12.54,12.36,12.22,12.19,0.08,-0.05,0.12,0.02,0.03,0.07,-0.01,-0.09,0.16,5-Sep-78
43757.75,12.54,12.26,12.02,12.08,12.39,12.49,12.32,12.20,12.30,0.09,-0.13,0.09,0.08,0.09,0.12,0.03,-0.08,0.05,5-Sep-78
43775.619,12.49,12.18,12.02,12.11,12.42,12.59,12.34,12.19,12.21,0.07,-0.04,0.09,0.04,0.06,0.01,0.01,-0.06,0.14,23-Sep-78
43775.665,12.45,12.21,12.05,12.10,12.38,12.60,12.34,12.14,12.24,0.06,-0.07,0.06,0.05,0.10,0.00,0.01,-0.01,0.11,23-Sep-78
43776.607,12.51,12.21,12.01,12.11,12.38,12.59,12.33,12.19,12.24,0.07,-0.08,0.09,0.05,0.10,0.02,0.02,-0.07,0.11,24-Sep-78
43776.65,12.36,12.24,12.02,12.12,12.41,12.55,12.41,12.18,12.14,0.10,-0.10,0.09,0.04,0.07,0.05,-0.06,-0.05,0.21,24-Sep-78
43777.692,12.46,12.21,12.02,12.11,12.40,12.57,12.39,12.14,12.22,0.07,-0.07,0.08,0.04,0.08,0.03,-0.04,-0.01,0.13,25-Sep-78
43778.66,12.50,12.22,12.00,12.13,12.44,12.53,12.26,12.19,12.29,0.07,-0.08,0.10,0.02,0.04,0.07,0.09,-0.07,0.06,26-Sep-78
43778.683,12.51,12.21,12.04,12.09,12.43,12.58,12.32,12.15,12.25,0.06,-0.08,0.07,0.07,0.05,0.03,0.03,-0.03,0.10,26-Sep-78
43780.724,12.38,12.14,12.04,12.17,12.33,12.62,12.35,12.19,12.22,0.08,-0.01,0.07,-0.01,0.15,-0.02,0.00,-0.07,0.13,28-Sep-78
43781.619,12.46,12.25,12.02,12.17,12.39,12.62,12.30,12.15,12.16,0.09,-0.12,0.09,-0.02,0.09,-0.01,0.05,-0.03,0.19,29-Sep-78
43781.671,12.39,12.11,12.10,12.16,12.41,12.62,12.36,12.10,12.20,0.05,0.02,0.01,0.00,0.07,-0.02,-0.01,0.03,0.15,29-Sep-78
43782.61,12.53,12.19,12.03,12.09,12.45,12.57,12.31,12.20,12.22,0.07,-0.06,0.08,0.07,0.03,0.03,0.04,-0.08,0.13,30-Sep-78
43791.698,12.46,12.20,12.07,12.15,12.32,12.64,12.32,12.14,12.23,0.08,-0.07,0.04,0.01,0.16,-0.03,0.04,-0.01,0.12,9-Oct-78
43803.52,12.72,12.31,12.05,12.07,12.40,12.41,12.32,12.20,12.31,0.11,-0.17,0.06,0.09,0.07,0.19,0.03,-0.07,0.04,21-Oct-78
43987.8,12.29,12.20,12.01,12.18,12.48,12.56,12.32,12.12,12.20,0.07,-0.06,0.10,-0.02,0.00,0.04,0.03,0.01,0.15,23-Apr-79
43994.73,12.41,12.12,12.12,12.15,12.50,12.58,12.36,12.11,12.12,0.08,0.01,-0.01,0.01,-0.03,0.02,0.00,0.02,0.23,30-Apr-79
43996.69,12.49,12.12,12.05,12.14,12.40,12.61,12.37,12.19,12.19,0.07,0.02,0.06,0.02,0.08,-0.01,-0.02,-0.06,0.16,2-May-79
44016.755,12.40,12.15,12.03,12.12,12.46,12.57,12.31,12.17,12.24,0.05,-0.02,0.08,0.04,0.01,0.03,0.04,-0.04,0.11,22-May-79
44103.74,12.49,12.16,12.07,12.16,12.37,12.64,12.35,12.11,12.20,0.07,-0.03,0.04,-0.01,0.11,-0.03,0.00,0.02,0.15,17-Aug-79
44110.73,12.45,12.13,12.06,12.15,12.51,12.58,12.31,12.15,12.17,0.07,0.00,0.05,0.01,-0.03,0.02,0.04,-0.02,0.18,24-Aug-79
44117.7,12.47,12.27,12.07,12.12,12.47,12.51,12.17,12.19,12.26,0.10,-0.14,0.04,0.04,0.01,0.09,0.18,-0.06,0.09,31-Aug-79
44117.78,12.46,12.17,12.02,12.13,12.49,12.56,12.35,12.17,12.17,0.07,-0.04,0.09,0.03,-0.01,0.05,0.00,-0.05,0.18,31-Aug-79
44118.8,12.40,12.17,12.03,12.09,12.43,12.55,12.37,12.26,12.16,0.10,-0.04,0.08,0.06,0.05,0.05,-0.02,-0.14,0.19,1-Sep-79
44127.6,12.33,12.20,12.00,12.13,12.42,12.57,12.38,12.18,12.18,0.08,-0.06,0.10,0.03,0.06,0.04,-0.03,-0.05,0.17,10-Sep-79
44129.61,12.49,12.19,12.05,12.06,12.38,12.56,12.40,12.21,12.20,0.09,-0.06,0.06,0.10,0.10,0.05,-0.05,-0.09,0.15,12-Sep-79
44133.66,12.25,12.09,12.35,12.10,12.39,12.44,12.22,12.21,12.26,0.13,0.05,-0.24,0.06,0.09,0.16,0.13,-0.09,0.09,16-Sep-79
44135.71,12.49,12.12,12.06,12.15,12.45,12.56,12.42,12.13,12.16,0.07,0.01,0.05,0.01,0.03,0.04,-0.07,-0.01,0.19,18-Sep-79
44144.61,12.46,12.16,12.04,12.12,12.48,12.58,12.34,12.16,12.18,0.07,-0.03,0.06,0.04,0.00,0.02,0.01,-0.04,0.17,27-Sep-79
44169.6,12.35,12.10,12.04,12.14,12.47,12.57,12.34,12.22,12.20,0.07,0.04,0.07,0.02,0.01,0.04,0.01,-0.10,0.15,22-Oct-79
44216.51,12.43,12.23,12.02,12.13,12.37,12.60,12.31,12.25,12.16,0.10,-0.09,0.09,0.03,0.11,0.01,0.04,-0.13,0.19,8-Dec-79
44369.72,12.39,12.23,12.05,12.09,12.39,12.61,12.29,12.23,12.19,0.09,-0.09,0.06,0.06,0.09,0.00,0.06,-0.10,0.16,9-May-80
44396.63,12.42,12.16,12.06,12.13,12.46,12.61,12.31,12.12,12.21,0.05,-0.03,0.04,0.03,0.02,0.00,0.04,0.01,0.14,5-Jun-80
44403.64,12.43,12.15,12.06,12.11,12.43,12.61,12.30,12.16,12.24,0.05,-0.02,0.05,0.05,0.05,-0.01,0.05,-0.04,0.11,12-Jun-80
44410.7,12.46,12.17,12.00,12.13,12.45,12.57,12.32,12.19,12.21,0.07,-0.04,0.10,0.03,0.03,0.03,0.03,-0.07,0.14,19-Jun-80
44464.69,12.46,12.17,12.10,12.07,12.48,12.55,12.38,12.12,12.19,0.07,-0.04,0.01,0.09,-0.01,0.06,-0.03,0.00,0.16,12-Aug-80
44464.8,12.46,12.21,12.03,12.11,12.42,12.57,12.34,12.26,12.12,0.11,-0.08,0.08,0.05,0.06,0.03,0.01,-0.14,0.23,12-Aug-80
44464.83,12.57,12.27,12.03,12.11,12.40,12.48,12.23,12.24,12.31,0.10,-0.13,0.08,0.05,0.08,0.12,0.12,-0.12,0.04,12-Aug-80
44465.69,12.56,12.20,12.02,12.15,12.32,12.54,12.27,12.24,12.33,0.09,-0.07,0.08,0.01,0.16,0.07,0.08,-0.11,0.02,13-Aug-80
44469.73,12.49,12.17,12.11,12.03,12.39,12.58,12.38,12.19,12.21,0.08,-0.04,0.00,0.13,0.09,0.02,-0.03,-0.06,0.14,17-Aug-80
44470.67,12.47,12.15,12.04,12.12,12.42,12.61,12.35,12.20,12.17,0.07,-0.02,0.06,0.04,0.06,-0.01,0.01,-0.08,0.18,18-Aug-80
44486.68,12.44,12.17,12.00,12.15,12.42,12.58,12.34,12.16,12.24,0.06,-0.04,0.11,0.01,0.06,0.03,0.01,-0.04,0.11,3-Sep-80
44487.7,12.46,12.18,12.03,12.16,12.45,12.61,12.28,12.19,12.18,0.08,-0.04,0.08,0.00,0.03,-0.01,0.07,-0.06,0.17,4-Sep-80
44491.72,12.46,12.19,12.08,12.12,12.46,12.60,12.36,12.15,12.11,0.09,-0.05,0.02,0.04,0.02,0.00,-0.01,-0.03,0.24,8-Sep-80
44491.78,12.47,12.17,12.01,12.14,12.43,12.56,12.39,12.23,12.14,0.10,-0.04,0.10,0.01,0.05,0.04,-0.04,-0.11,0.21,8-Sep-80
44493.76,12.38,12.18,12.01,12.11,12.44,12.55,12.39,12.17,12.20,0.07,-0.05,0.09,0.05,0.03,0.05,-0.04,-0.04,0.15,10-Sep-80
44493.83,12.48,12.15,12.05,12.17,12.37,12.64,12.30,12.19,12.19,0.08,-0.02,0.06,-0.01,0.11,-0.04,0.05,-0.06,0.16,10-Sep-80
44494.7,12.44,12.19,12.03,12.10,12.47,12.56,12.34,12.17,12.20,0.07,-0.06,0.08,0.06,0.01,0.04,0.01,-0.05,0.15,11-Sep-80
44512.59,12.45,12.15,12.00,12.14,12.43,12.56,12.34,12.19,12.26,0.05,-0.02,0.10,0.02,0.05,0.04,0.01,-0.06,0.09,29-Sep-80
44521.62,12.56,12.19,12.04,12.12,12.43,12.57,12.41,12.14,12.17,0.08,-0.06,0.07,0.03,0.05,0.03,-0.06,-0.01,0.18,8-Oct-80
44552.63,12.43,12.18,12.06,12.18,12.35,12.61,12.38,12.10,12.21,0.07,-0.04,0.05,-0.02,0.13,-0.01,-0.03,0.02,0.14,8-Nov-80
44721.72,12.42,12.12,12.10,12.07,12.42,12.60,12.37,12.19,12.19,0.07,0.01,0.01,0.09,0.06,0.01,-0.02,-0.07,0.16,26-Apr-81
44747.65,12.36,12.07,12.13,12.28,12.49,12.56,12.30,12.11,12.13,0.10,0.06,-0.02,-0.12,-0.01,0.04,0.05,0.02,0.22,22-May-81
44749.66,12.46,12.25,12.11,12.15,12.45,12.61,12.30,12.09,12.10,0.10,-0.11,-0.01,0.01,0.03,-0.01,0.05,0.03,0.25,24-May-81
44783.79,12.48,12.16,12.08,12.18,12.39,12.63,12.34,12.08,12.22,0.06,-0.02,0.03,-0.02,0.09,-0.02,0.02,0.05,0.13,27-Jun-81
44792.69,12.50,12.13,12.10,12.17,12.51,12.59,12.29,12.10,12.17,0.07,0.00,0.01,-0.01,-0.04,0.02,0.06,0.03,0.18,6-Jul-81
44794.735,12.62,12.19,12.05,12.11,12.45,12.61,12.31,12.20,12.16,0.08,-0.05,0.06,0.05,0.03,0.00,0.05,-0.07,0.19,8-Jul-81
45141.79,12.48,12.18,12.08,12.12,12.39,12.64,12.32,12.14,12.20,0.07,-0.05,0.03,0.04,0.09,-0.03,0.03,-0.01,0.15,20-Jun-82
45180.783,12.54,12.18,12.02,12.12,12.38,12.60,12.34,12.22,12.22,0.08,-0.05,0.09,0.03,0.10,0.01,0.02,-0.09,0.13,29-Jul-82
45180.763,12.44,12.22,12.07,12.15,12.38,12.62,12.38,12.14,12.11,0.10,-0.09,0.04,0.01,0.10,-0.02,-0.02,-0.01,0.24,29-Jul-82
45196.651,12.61,12.18,12.02,12.09,12.35,12.54,12.35,12.23,12.29,0.08,-0.05,0.08,0.06,0.13,0.07,0.00,-0.11,0.06,14-Aug-82
45196.702,12.53,12.26,12.10,12.07,12.35,12.53,12.45,12.12,12.18,0.11,-0.13,0.01,0.09,0.13,0.08,-0.10,0.01,0.17,14-Aug-82
45524.627,12.42,12.19,12.03,12.14,12.35,12.62,12.31,12.18,12.25,0.07,-0.06,0.08,0.02,0.12,-0.01,0.04,-0.05,0.10,8-Jul-83
45525.738,12.51,12.18,12.05,12.07,12.43,12.59,12.31,12.20,12.22,0.07,-0.05,0.06,0.08,0.04,0.02,0.04,-0.08,0.13,9-Jul-83
45529.73,12.48,12.16,12.06,12.15,12.36,12.63,12.34,12.14,12.22,0.07,-0.03,0.05,0.01,0.12,-0.03,0.01,-0.02,0.13,13-Jul-83
45529.801,12.48,12.18,12.08,12.12,12.36,12.60,12.42,12.12,12.18,0.08,-0.05,0.02,0.04,0.12,0.00,-0.07,0.01,0.17,13-Jul-83
45530.83,12.55,12.23,12.00,12.17,12.35,12.58,12.35,12.15,12.25,0.08,-0.09,0.11,-0.01,0.13,0.02,0.00,-0.02,0.10,14-Jul-83
45532.714,12.43,12.17,12.08,12.15,12.41,12.63,12.35,12.10,12.17,0.07,-0.04,0.02,0.01,0.07,-0.03,0.00,0.02,0.18,16-Jul-83
45550.647,12.52,12.16,12.05,12.14,12.41,12.60,12.41,12.14,12.14,0.08,-0.03,0.06,0.01,0.07,0.01,-0.06,-0.02,0.21,3-Aug-83
45550.675,12.42,12.19,12.01,12.13,12.35,12.51,12.40,12.18,12.30,0.08,-0.06,0.10,0.03,0.13,0.09,-0.05,-0.05,0.05,3-Aug-83
45550.698,12.44,12.13,12.08,12.17,12.44,12.58,12.40,12.08,12.19,0.06,0.00,0.03,-0.01,0.04,0.02,-0.04,0.05,0.16,3-Aug-83
45550.721,12.48,12.14,12.03,12.14,12.41,12.58,12.39,12.14,12.24,0.05,-0.01,0.08,0.02,0.07,0.03,-0.04,-0.02,0.11,3-Aug-83
45550.745,12.43,12.21,12.01,12.19,12.34,12.60,12.38,12.17,12.19,0.09,-0.07,0.10,-0.03,0.14,0.01,-0.03,-0.04,0.16,3-Aug-83
45550.766,12.40,12.15,12.04,12.15,12.44,12.61,12.34,12.16,12.18,0.06,-0.01,0.07,0.01,0.04,-0.01,0.01,-0.04,0.17,3-Aug-83
46258.767,12.34,12.15,12.05,12.12,12.39,12.61,12.39,12.19,12.17,0.08,-0.02,0.06,0.04,0.09,-0.01,-0.03,-0.06,0.18,11-Jul-85
46324.526,12.46,12.25,12.02,12.15,12.38,12.60,12.30,12.14,12.22,0.08,-0.11,0.09,0.01,0.10,0.00,0.05,-0.01,0.13,15-Sep-85
47238.803,12.47,12.21,12.01,12.15,12.41,12.59,12.36,12.15,12.18,0.08,-0.08,0.10,0.01,0.07,0.01,-0.01,-0.03,0.17,17-Mar-88
47323.721,12.47,12.17,12.04,12.10,12.41,12.59,12.38,12.22,12.16,0.09,-0.03,0.06,0.06,0.07,0.02,-0.03,-0.10,0.19,10-Jun-88
47393.79,12.44,12.11,12.09,12.11,12.36,12.58,12.40,12.15,12.27,0.05,0.03,0.02,0.05,0.11,0.02,-0.04,-0.03,0.08,19-Aug-88
47977.83,12.45,12.14,12.06,12.16,12.48,12.60,12.31,12.19,12.12,0.09,-0.01,0.05,-0.01,0.00,0.00,0.04,-0.06,0.23,26-Mar-90
47978.84,12.49,12.21,12.02,12.13,12.46,12.59,12.30,12.19,12.16,0.08,-0.08,0.08,0.03,0.01,0.01,0.05,-0.06,0.19,27-Mar-90
48037.68,12.45,12.19,12.10,12.12,12.45,12.59,12.21,12.14,12.26,0.06,-0.05,0.01,0.04,0.03,0.01,0.14,-0.01,0.09,25-May-90
48069.73,12.47,12.31,12.03,12.08,12.38,12.53,12.36,12.16,12.22,0.10,-0.17,0.07,0.08,0.10,0.08,-0.01,-0.03,0.13,26-Jun-90
48070.69,12.46,12.28,12.11,12.07,12.47,12.54,12.35,12.09,12.15,0.10,-0.15,0.00,0.09,0.01,0.06,0.01,0.03,0.20,27-Jun-90
48070.74,12.46,12.17,12.04,12.11,12.48,12.56,12.39,12.19,12.14,0.09,-0.03,0.07,0.05,0.00,0.05,-0.04,-0.06,0.21,27-Jun-90
48070.8,12.47,12.11,12.07,12.13,12.46,12.60,12.29,12.19,12.22,0.05,0.02,0.04,0.03,0.02,0.00,0.07,-0.06,0.13,27-Jun-90
48089.6,12.46,12.13,12.04,12.11,12.48,12.53,12.39,12.24,12.16,0.09,0.01,0.07,0.05,0.00,0.07,-0.04,-0.11,0.19,16-Jul-90
48105.81,12.46,12.17,12.02,12.13,12.45,12.59,12.31,12.19,12.20,0.07,-0.03,0.08,0.03,0.03,0.01,0.04,-0.06,0.15,1-Aug-90
48120.73,12.35,12.18,12.05,12.10,12.42,12.60,12.36,12.22,12.14,0.09,-0.04,0.06,0.06,0.06,0.01,-0.01,-0.10,0.21,16-Aug-90
48125.69,12.41,12.13,12.07,12.19,12.46,12.59,12.38,12.15,12.09,0.10,0.00,0.03,-0.03,0.02,0.01,-0.03,-0.02,0.26,21-Aug-90
48131.62,12.46,12.25,12.11,12.07,12.39,12.57,12.38,12.23,12.07,0.13,-0.12,0.00,0.09,0.09,0.04,-0.02,-0.10,0.28,27-Aug-90
48153.58,12.40,12.15,12.07,12.15,12.48,12.58,12.37,12.16,12.10,0.09,-0.01,0.03,0.01,0.00,0.02,-0.02,-0.03,0.25,18-Sep-90
48153.67,12.44,12.16,12.06,12.08,12.45,12.57,12.37,12.24,12.14,0.09,-0.03,0.05,0.08,0.03,0.04,-0.02,-0.11,0.21,18-Sep-90
48245.46,12.42,12.20,11.98,12.15,12.42,12.56,12.32,12.23,12.20,0.09,-0.07,0.13,0.01,0.06,0.04,0.03,-0.10,0.15,18-Dec-90
48396.79,12.52,12.18,12.07,12.07,12.40,12.61,12.35,12.16,12.21,0.07,-0.05,0.03,0.08,0.08,0.00,0.00,-0.04,0.14,19-May-91
48449.82,12.53,12.18,12.10,12.07,12.41,12.59,12.35,12.11,12.26,0.05,-0.04,0.01,0.08,0.07,0.02,0.00,0.02,0.09,11-Jul-91
48452.72,12.37,12.24,12.00,12.12,12.38,12.56,12.34,12.17,12.26,0.08,-0.11,0.11,0.04,0.10,0.04,0.01,-0.05,0.09,14-Jul-91
48452.82,12.46,12.15,12.04,12.15,12.42,12.62,12.32,12.15,12.21,0.06,-0.02,0.07,0.01,0.05,-0.01,0.03,-0.03,0.14,14-Jul-91
48476.77,12.53,12.20,12.13,12.12,12.36,12.64,12.36,12.12,12.14,0.09,-0.06,-0.02,0.04,0.11,-0.04,-0.01,0.01,0.21,7-Aug-91
48479.77,12.56,12.14,12.08,12.09,12.42,12.60,12.39,12.15,12.20,0.06,-0.01,0.03,0.07,0.06,0.01,-0.03,-0.03,0.15,10-Aug-91
48479.83,12.47,12.17,12.14,12.11,12.39,12.65,12.31,12.12,12.18,0.07,-0.04,-0.03,0.05,0.09,-0.05,0.04,0.01,0.17,10-Aug-91
48480.72,12.55,12.14,12.03,12.22,12.46,12.59,12.34,12.16,12.12,0.09,-0.01,0.08,-0.06,0.02,0.01,0.01,-0.03,0.23,11-Aug-91
48480.83,12.48,12.19,12.05,12.08,12.42,12.60,12.29,12.19,12.24,0.06,-0.05,0.05,0.07,0.05,0.01,0.06,-0.06,0.11,11-Aug-91
48481.77,12.44,12.12,12.11,12.06,12.44,12.58,12.37,12.19,12.19,0.07,0.01,0.00,0.10,0.04,0.02,-0.02,-0.07,0.16,12-Aug-91
48483.68,12.43,12.19,12.05,12.07,12.44,12.57,12.33,12.16,12.24,0.06,-0.06,0.06,0.09,0.03,0.04,0.02,-0.04,0.11,14-Aug-91
